"ead > archdesc > accessrestrict > p","archives/rg_3_0_10.xml",11
"ead > archdesc > accessrestrict > p","archives/rg_9_8.xml",4
"ead > archdesc > accessrestrict > p","nyhs/ms443_9_stmarks_church_bowery.xml",1
"ead > archdesc > acqinfo > p","fales/mss_036.xml",2
"ead > archdesc > acqinfo > p","nyhs/ms2999_rentschler.xml",8
"ead > archdesc > acqinfo > p","nyhs/ms71_luther_bradish.xml",1
"ead > archdesc > acqinfo > p","nyhs/pr052_portrait_collection.xml",9
"ead > archdesc > acqinfo > p","nyhs/pr054_postcard.xml",52
"ead > archdesc > altformavail > p","nyhs/pr002_album_collection.xml",5
"ead > archdesc > appraisal > p","archives/mc_334.xml",4
"ead > archdesc > appraisal > p","archives/rg_3_0_10.xml",4
"ead > archdesc > appraisal > p","archives/rg_9_8.xml",10
"ead > archdesc > appraisal > p","fales/mss_361.xml",6
"ead > archdesc > appraisal > p","fales/mss_381.xml",8
"ead > archdesc > appraisal > p","fales/mss_439.xml",2
"ead > archdesc > appraisal > p","fales/mss_467.xml",4
"ead > archdesc > appraisal > p","tamwag/wag_025_003.xml",2
"ead > archdesc > arrangement > list > item","tamwag/alba_207.xml",3
"ead > archdesc > arrangement > p","archives/mc_153.xml",7
"ead > archdesc > arrangement > p","archives/mc_215.xml",7
"ead > archdesc > arrangement > p","archives/mc_229.xml",8
"ead > archdesc > arrangement > p","archives/mc_230.xml",11
"ead > archdesc > arrangement > p","archives/mc_271.xml",10
"ead > archdesc > arrangement > p","archives/mc_375.xml",5
"ead > archdesc > arrangement > p","archives/rg_37_13.xml",2
"ead > archdesc > arrangement > p","archives/rg_37_4.xml",11
"ead > archdesc > arrangement > p","archives/rg_3_0_10.xml",17
"ead > archdesc > arrangement > p","archives/rg_3_0_11.xml",1
"ead > archdesc > arrangement > p","archives/rg_9_8.xml",11
"ead > archdesc > arrangement > p","archives/rism_rg_15.xml",7
"ead > archdesc > arrangement > p","archives/rism_rg_2.xml",2
"ead > archdesc > arrangement > p","archives/rism_rg_9.xml",8
"ead > archdesc > arrangement > p","fales/mss_002.xml",84
"ead > archdesc > arrangement > p","fales/mss_013.xml",4
"ead > archdesc > arrangement > p","fales/mss_032.xml",1
"ead > archdesc > arrangement > p","fales/mss_036.xml",6
"ead > archdesc > arrangement > p","fales/mss_041.xml",6
"ead > archdesc > arrangement > p","fales/mss_082.xml",3
"ead > archdesc > arrangement > p","fales/mss_095.xml",31
"ead > archdesc > arrangement > p","fales/mss_134.xml",2
"ead > archdesc > arrangement > p","fales/mss_144.xml",5
"ead > archdesc > arrangement > p","fales/mss_146.xml",3
"ead > archdesc > arrangement > p","fales/mss_149.xml",25
"ead > archdesc > arrangement > p","fales/mss_155.xml",54
"ead > archdesc > arrangement > p","fales/mss_159.xml",17
"ead > archdesc > arrangement > p","fales/mss_167.xml",9
"ead > archdesc > arrangement > p","fales/mss_169.xml",2
"ead > archdesc > arrangement > p","fales/mss_173.xml",13
"ead > archdesc > arrangement > p","fales/mss_175.xml",9
"ead > archdesc > arrangement > p","fales/mss_190.xml",3
"ead > archdesc > arrangement > p","fales/mss_198.xml",16
"ead > archdesc > arrangement > p","fales/mss_202.xml",84
"ead > archdesc > arrangement > p","fales/mss_212.xml",2
"ead > archdesc > arrangement > p","fales/mss_214.xml",3
"ead > archdesc > arrangement > p","fales/mss_215.xml",16
"ead > archdesc > arrangement > p","fales/mss_220.xml",2
"ead > archdesc > arrangement > p","fales/mss_225.xml",7
"ead > archdesc > arrangement > p","fales/mss_240.xml",17
"ead > archdesc > arrangement > p","fales/mss_244.xml",8
"ead > archdesc > arrangement > p","fales/mss_253.xml",14
"ead > archdesc > arrangement > p","fales/mss_254.xml",7
"ead > archdesc > arrangement > p","fales/mss_263.xml",1
"ead > archdesc > arrangement > p","fales/mss_269.xml",5
"ead > archdesc > arrangement > p","fales/mss_274.xml",11
"ead > archdesc > arrangement > p","fales/mss_276.xml",13
"ead > archdesc > arrangement > p","fales/mss_291.xml",13
"ead > archdesc > arrangement > p","fales/mss_293.xml",18
"ead > archdesc > arrangement > p","fales/mss_298.xml",15
"ead > archdesc > arrangement > p","fales/mss_311.xml",20
"ead > archdesc > arrangement > p","fales/mss_312.xml",10
"ead > archdesc > arrangement > p","fales/mss_313.xml",3
"ead > archdesc > arrangement > p","fales/mss_325.xml",1
"ead > archdesc > arrangement > p","fales/mss_335.xml",5
"ead > archdesc > arrangement > p","fales/mss_341.xml",16
"ead > archdesc > arrangement > p","fales/mss_343.xml",11
"ead > archdesc > arrangement > p","fales/mss_354.xml",3
"ead > archdesc > arrangement > p","fales/mss_355.xml",9
"ead > archdesc > arrangement > p","fales/mss_361.xml",16
"ead > archdesc > arrangement > p","fales/mss_366.xml",2
"ead > archdesc > arrangement > p","fales/mss_379.xml",7
"ead > archdesc > arrangement > p","fales/mss_380.xml",9
"ead > archdesc > arrangement > p","fales/mss_386.xml",13
"ead > archdesc > arrangement > p","fales/mss_394.xml",3
"ead > archdesc > arrangement > p","fales/mss_396.xml",2
"ead > archdesc > arrangement > p","fales/mss_397.xml",10
"ead > archdesc > arrangement > p","fales/mss_405.xml",3
"ead > archdesc > arrangement > p","fales/mss_413.xml",11
"ead > archdesc > arrangement > p","fales/mss_414.xml",16
"ead > archdesc > arrangement > p","fales/mss_420.xml",8
"ead > archdesc > arrangement > p","fales/mss_425.xml",4
"ead > archdesc > arrangement > p","fales/mss_429.xml",6
"ead > archdesc > arrangement > p","fales/mss_439.xml",7
"ead > archdesc > arrangement > p","fales/mss_441.xml",14
"ead > archdesc > arrangement > p","fales/mss_467.xml",16
"ead > archdesc > arrangement > p","fales/mss_481.xml",15
"ead > archdesc > arrangement > p","fales/mss_511.xml",4
"ead > archdesc > arrangement > p","fales/mss_515.xml",26
"ead > archdesc > arrangement > p","fales/mss_559.xml",3
"ead > archdesc > arrangement > p","fales/mss_590.xml",4
"ead > archdesc > arrangement > p","fales/mss_592.xml",6
"ead > archdesc > arrangement > p","fales/mss_594.xml",14
"ead > archdesc > arrangement > p","fales/mss_600.xml",27
"ead > archdesc > arrangement > p","fales/mss_601.xml",2
"ead > archdesc > arrangement > p","nyhs/ms0272_hair.xml",8
"ead > archdesc > arrangement > p","nyhs/ms108_chapel_farm.xml",5
"ead > archdesc > arrangement > p","nyhs/ms111_childrens_aid_society.xml",32
"ead > archdesc > arrangement > p","nyhs/ms1165_william_darlington.xml",5
"ead > archdesc > arrangement > p","nyhs/ms116_city_club.xml",12
"ead > archdesc > arrangement > p","nyhs/ms142_peter_curtenius.xml",7
"ead > archdesc > arrangement > p","nyhs/ms1493_james_harbord.xml",5
"ead > archdesc > arrangement > p","nyhs/ms14_american_defense_society.xml",7
"ead > archdesc > arrangement > p","nyhs/ms168_dewart_munsey_sun.xml",6
"ead > archdesc > arrangement > p","nyhs/ms179_duane_family.xml",2
"ead > archdesc > arrangement > p","nyhs/ms182_william_duer.xml",40
"ead > archdesc > arrangement > p","nyhs/ms18_american_iron_company.xml",5
"ead > archdesc > arrangement > p","nyhs/ms199_emergency_shelter.xml",24
"ead > archdesc > arrangement > p","nyhs/ms23_artists_fund_society.xml",15
"ead > archdesc > arrangement > p","nyhs/ms240_horatio_gates.xml",5
"ead > archdesc > arrangement > p","nyhs/ms24_colored_orphan_asylum.xml",14
"ead > archdesc > arrangement > p","nyhs/ms25_astor_family.xml",3
"ead > archdesc > arrangement > p","nyhs/ms2902_bowers_family.xml",11
"ead > archdesc > arrangement > p","nyhs/ms2906_bannerman_family.xml",7
"ead > archdesc > arrangement > p","nyhs/ms2922_oxman.xml",7
"ead > archdesc > arrangement > p","nyhs/ms2923_caledonian_club.xml",13
"ead > archdesc > arrangement > p","nyhs/ms2948_hannah_campbell.xml",3
"ead > archdesc > arrangement > p","nyhs/ms2959_shirley_lester_halbreich.xml",3
"ead > archdesc > arrangement > p","nyhs/ms2964_ladies_mile_district.xml",4
"ead > archdesc > arrangement > p","nyhs/ms3017_nicholas_scoppetta.xml",14
"ead > archdesc > arrangement > p","nyhs/ms3018_john_zuccotti.xml",12
"ead > archdesc > arrangement > p","nyhs/ms3029_vincenzo_beltrone.xml",5
"ead > archdesc > arrangement > p","nyhs/ms3031_daughters_of_cincinnati.xml",5
"ead > archdesc > arrangement > p","nyhs/ms3033_horticultural.xml",33
"ead > archdesc > arrangement > p","nyhs/ms3034_holland_dames.xml",14
"ead > archdesc > arrangement > p","nyhs/ms3042_ethical_culture_fieldston.xml",19
"ead > archdesc > arrangement > p","nyhs/ms3068_sharman.xml",4
"ead > archdesc > arrangement > p","nyhs/ms3069_lillard.xml",3
"ead > archdesc > arrangement > p","nyhs/ms3071_wednesday.xml",6
"ead > archdesc > arrangement > p","nyhs/ms3074_ahearn.xml",2
"ead > archdesc > arrangement > p","nyhs/ms3078_dumpson.xml",19
"ead > archdesc > arrangement > p","nyhs/ms3080_army_navy_club.xml",3
"ead > archdesc > arrangement > p","nyhs/ms3085_9threg.xml",6
"ead > archdesc > arrangement > p","nyhs/ms3113_new_england_society.xml",6
"ead > archdesc > arrangement > p","nyhs/ms3130_price.xml",10
"ead > archdesc > arrangement > p","nyhs/ms3134_ron_spadafora.xml",6
"ead > archdesc > arrangement > p","nyhs/ms3147_billie_jean_king.xml",11
"ead > archdesc > arrangement > p","nyhs/ms3199_womens_sports.xml",10
"ead > archdesc > arrangement > p","nyhs/ms319_james_hazen_hyde.xml",8
"ead > archdesc > arrangement > p","nyhs/ms31_b_altman_co.xml",11
"ead > archdesc > arrangement > p","nyhs/ms3202_bernfeld_puppet.xml",8
"ead > archdesc > arrangement > p","nyhs/ms3205_victorian_society_metrony.xml",2
"ead > archdesc > arrangement > p","nyhs/ms3212_p_adem_carroll.xml",6
"ead > archdesc > arrangement > p","nyhs/ms3232_skenazy.xml",3
"ead > archdesc > arrangement > p","nyhs/ms325_irving_olds.xml",7
"ead > archdesc > arrangement > p","nyhs/ms347_foundling_hospital.xml",34
"ead > archdesc > arrangement > p","nyhs/ms438_edgar_nathan.xml",6
"ead > archdesc > arrangement > p","nyhs/ms439_naval_history_society_collection.xml",52
"ead > archdesc > arrangement > p","nyhs/ms443_9_stmarks_church_bowery.xml",6
"ead > archdesc > arrangement > p","nyhs/ms498_provost_marshal_7th_congdist.xml",2
"ead > archdesc > arrangement > p","nyhs/ms556_7th_ny_regiment.xml",17
"ead > archdesc > arrangement > p","nyhs/ms59_bible_fruit_mission.xml",5
"ead > archdesc > arrangement > p","nyhs/ms61_edwin_howland_blashfield.xml",9
"ead > archdesc > arrangement > p","nyhs/ms670_5_alexander_robert_chisolm.xml",6
"ead > archdesc > arrangement > p","nyhs/ms670_6_john_coke_confederate_army.xml",4
"ead > archdesc > arrangement > p","nyhs/ms670_7_confederate_states_collection.xml",3
"ead > archdesc > arrangement > p","nyhs/ms670_9_david_edward_cronin.xml",6
"ead > archdesc > arrangement > p","nyhs/ms672_world_war2_collection.xml",6
"ead > archdesc > arrangement > p","nyhs/ms69_william_oland_bourne.xml",4
"ead > archdesc > arrangement > p","nyhs/ms71_luther_bradish.xml",1
"ead > archdesc > arrangement > p","nyhs/ms72_martha_bradstreet.xml",8
"ead > archdesc > arrangement > p","nyhs/ms74_broadway_tabernacle.xml",11
"ead > archdesc > arrangement > p","nyhs/ms78_brown_brothers_harriman.xml",13
"ead > archdesc > arrangement > p","nyhs/ms937_mabel_newton_betticher.xml",4
"ead > archdesc > arrangement > p","nyhs/ms98_campbell_mumford.xml",7
"ead > archdesc > arrangement > p","nyhs/pc001_mcloughlin_woodblocks.xml",12
"ead > archdesc > arrangement > p","nyhs/pr001_john_albok.xml",4
"ead > archdesc > arrangement > p","nyhs/pr004_jessie_tarbox_beals.xml",9
"ead > archdesc > arrangement > p","nyhs/pr009_irving_browning_photos.xml",3
"ead > archdesc > arrangement > p","nyhs/pr015_arthur_chapman.xml",5
"ead > archdesc > arrangement > p","nyhs/pr017_leslie_dorsey.xml",5
"ead > archdesc > arrangement > p","nyhs/pr018_fifth_avenue_coach.xml",11
"ead > archdesc > arrangement > p","nyhs/pr042_mckim_mead_white.xml",8
"ead > archdesc > arrangement > p","nyhs/pr047_irving_olds_prints.xml",2
"ead > archdesc > arrangement > p","nyhs/pr052_portrait_collection.xml",2
"ead > archdesc > arrangement > p","nyhs/pr054_postcard.xml",9
"ead > archdesc > arrangement > p","nyhs/pr055_1_art_posters.xml",4
"ead > archdesc > arrangement > p","nyhs/pr081_eugene_armbruster.xml",5
"ead > archdesc > arrangement > p","nyhs/pr085_mathew_brady_studio.xml",5
"ead > archdesc > arrangement > p","nyhs/pr101_jackson_edouart.xml",4
"ead > archdesc > arrangement > p","nyhs/pr110_alexander_alland.xml",3
"ead > archdesc > arrangement > p","nyhs/pr111_cross_brown.xml",5
"ead > archdesc > arrangement > p","nyhs/pr115_playing_cards_games.xml",6
"ead > archdesc > arrangement > p","nyhs/pr132_lucius_cathan.xml",3
"ead > archdesc > arrangement > p","nyhs/pr164_civil_war_photographs.xml",10
"ead > archdesc > arrangement > p","nyhs/pr207_andreas_feininger.xml",6
"ead > archdesc > arrangement > p","nyhs/pr216_alexander_anderson.xml",5
"ead > archdesc > arrangement > p","nyhs/pr218_george_bradley.xml",5
"ead > archdesc > arrangement > p","nyhs/pr220_william_james_bennett.xml",3
"ead > archdesc > arrangement > p","nyhs/pr223_costume_ball_photographs.xml",7
"ead > archdesc > arrangement > p","nyhs/pr230_currier_ives.xml",6
"ead > archdesc > arrangement > p","nyhs/pr244_william_adams_delano.xml",5
"ead > archdesc > arrangement > p","nyhs/pr248_eugene_gordon.xml",6
"ead > archdesc > arrangement > p","nyhs/pr250_robert_benney.xml",6
"ead > archdesc > arrangement > p","nyhs/pr264_ephemera_collection.xml",4
"ead > archdesc > arrangement > p","nyhs/pr274_ben_brown_ww2_drawings.xml",6
"ead > archdesc > arrangement > p","nyhs/pr277_ny_chamber_commerce.xml",4
"ead > archdesc > arrangement > p","nyhs/pr290_claire_yaffa_aids.xml",3
"ead > archdesc > arrangement > p","nyhs/pr291_june_rovenger.xml",1
"ead > archdesc > arrangement > p","nyhs/pr296_rhodes_villard_houses.xml",5
"ead > archdesc > arrangement > p","nyhs/pr300_ann_feinstein.xml",2
"ead > archdesc > arrangement > p","nyhs/pr312_jane_hoffer.xml",3
"ead > archdesc > arrangement > p","nyhs/pr321_william_grabowski.xml",7
"ead > archdesc > arrangement > p","nyhs/pr361_jessica_burstein.xml",12
"ead > archdesc > arrangement > p","nyhs/pr362_stephen_harmon.xml",2
"ead > archdesc > arrangement > p","nyhs/pr372_holman_flatiron.xml",15
"ead > archdesc > arrangement > p","nyhs/pr393_cumming_cecil.xml",12
"ead > archdesc > arrangement > p","nyhs/pr397_forte.xml",5
"ead > archdesc > arrangement > p","nyhs/pr422_arad_911_memorial.xml",8
"ead > archdesc > arrangement > p","nyhs/pr452_randall_comfort.xml",6
"ead > archdesc > arrangement > p","nyhs/pr456_cohen_peter.xml",3
"ead > archdesc > arrangement > p","nyhs/timeinc_ms3009_rg05.xml",18
"ead > archdesc > arrangement > p","nyhs/timeinc_ms3009_rg06.xml",6
"ead > archdesc > arrangement > p","nyhs/timeinc_ms3009_rg07.xml",9
"ead > archdesc > arrangement > p","nyhs/timeinc_ms3009_rg14.xml",6
"ead > archdesc > arrangement > p","nyhs/timeinc_ms3009_rg15.xml",2
"ead > archdesc > arrangement > p","nyhs/timeinc_ms3009_rg22.xml",1
"ead > archdesc > arrangement > p","nyhs/timeinc_ms3009_rg25.xml",5
"ead > archdesc > arrangement > p","nyhs/timeinc_ms3009_rg26.xml",9
"ead > archdesc > arrangement > p","nyhs/timeinc_ms3009_rg27.xml",12
"ead > archdesc > arrangement > p","nyhs/timeinc_ms3009_rg41.xml",12
"ead > archdesc > arrangement > p","nyhs/timeinc_ms3009_rg47.xml",1
"ead > archdesc > arrangement > p","tamwag/aia_001.xml",7
"ead > archdesc > arrangement > p","tamwag/aia_067.xml",12
"ead > archdesc > arrangement > p","tamwag/alba_photo_125.xml",1
"ead > archdesc > arrangement > p","tamwag/oh_057.xml",3
"ead > archdesc > arrangement > p","tamwag/photos_011.xml",35
"ead > archdesc > arrangement > p","tamwag/photos_019.xml",118
"ead > archdesc > arrangement > p","tamwag/photos_020.xml",42
"ead > archdesc > arrangement > p","tamwag/photos_086.xml",15
"ead > archdesc > arrangement > p","tamwag/photos_151.xml",4
"ead > archdesc > arrangement > p","tamwag/tam_007_004.xml",3
"ead > archdesc > arrangement > p","tamwag/tam_021.xml",3
"ead > archdesc > arrangement > p","tamwag/tam_044.xml",6
"ead > archdesc > arrangement > p","tamwag/tam_049.xml",4
"ead > archdesc > arrangement > p","tamwag/tam_050.xml",6
"ead > archdesc > arrangement > p","tamwag/tam_056_007.xml",3
"ead > archdesc > arrangement > p","tamwag/tam_056_009.xml",3
"ead > archdesc > arrangement > p","tamwag/tam_069.xml",2
"ead > archdesc > arrangement > p","tamwag/tam_080.xml",37
"ead > archdesc > arrangement > p","tamwag/tam_083.xml",12
"ead > archdesc > arrangement > p","tamwag/tam_086.xml",3
"ead > archdesc > arrangement > p","tamwag/tam_091.xml",3
"ead > archdesc > arrangement > p","tamwag/tam_097.xml",4
"ead > archdesc > arrangement > p","tamwag/tam_102.xml",5
"ead > archdesc > arrangement > p","tamwag/tam_106.xml",21
"ead > archdesc > arrangement > p","tamwag/tam_120.xml",6
"ead > archdesc > arrangement > p","tamwag/tam_132.xml",59
"ead > archdesc > arrangement > p","tamwag/tam_142.xml",9
"ead > archdesc > arrangement > p","tamwag/tam_145.xml",8
"ead > archdesc > arrangement > p","tamwag/tam_148.xml",9
"ead > archdesc > arrangement > p","tamwag/tam_154.xml",9
"ead > archdesc > arrangement > p","tamwag/tam_158.xml",5
"ead > archdesc > arrangement > p","tamwag/tam_167.xml",8
"ead > archdesc > arrangement > p","tamwag/tam_169.xml",26
"ead > archdesc > arrangement > p","tamwag/tam_170.xml",19
"ead > archdesc > arrangement > p","tamwag/tam_176.xml",6
"ead > archdesc > arrangement > p","tamwag/tam_177.xml",6
"ead > archdesc > arrangement > p","tamwag/tam_179.xml",11
"ead > archdesc > arrangement > p","tamwag/tam_188.xml",5
"ead > archdesc > arrangement > p","tamwag/tam_235.xml",2
"ead > archdesc > arrangement > p","tamwag/tam_275.xml",5
"ead > archdesc > arrangement > p","tamwag/tam_277.xml",10
"ead > archdesc > arrangement > p","tamwag/tam_347.xml",27
"ead > archdesc > arrangement > p","tamwag/tam_416.xml",5
"ead > archdesc > arrangement > p","tamwag/tam_439.xml",12
"ead > archdesc > arrangement > p","tamwag/tam_442.xml",18
"ead > archdesc > arrangement > p","tamwag/tam_501.xml",2
"ead > archdesc > arrangement > p","tamwag/tam_517.xml",32
"ead > archdesc > arrangement > p","tamwag/tam_542.xml",12
"ead > archdesc > arrangement > p","tamwag/tam_583.xml",9
"ead > archdesc > arrangement > p","tamwag/tam_594.xml",40
"ead > archdesc > arrangement > p","tamwag/tam_603.xml",5
"ead > archdesc > arrangement > p","tamwag/tam_664.xml",11
"ead > archdesc > arrangement > p","tamwag/tam_725.xml",5
"ead > archdesc > arrangement > p","tamwag/tam_824.xml",12
"ead > archdesc > arrangement > p","tamwag/wag_012.xml",7
"ead > archdesc > arrangement > p","tamwag/wag_020.xml",3
"ead > archdesc > arrangement > p","tamwag/wag_023.xml",9
"ead > archdesc > arrangement > p","tamwag/wag_029.xml",7
"ead > archdesc > arrangement > p","tamwag/wag_042.xml",2
"ead > archdesc > arrangement > p","tamwag/wag_061.xml",4
"ead > archdesc > arrangement > p","tamwag/wag_063.xml",8
"ead > archdesc > arrangement > p","tamwag/wag_112.xml",7
"ead > archdesc > arrangement > p","tamwag/wag_124.xml",14
"ead > archdesc > arrangement > p","tamwag/wag_125.xml",14
"ead > archdesc > arrangement > p","tamwag/wag_129.xml",8
"ead > archdesc > arrangement > p","tamwag/wag_144.xml",11
"ead > archdesc > arrangement > p","tamwag/wag_178.xml",8
"ead > archdesc > arrangement > p","tamwag/wag_188.xml",2
"ead > archdesc > arrangement > p","tamwag/wag_238.xml",5
"ead > archdesc > arrangement > p","tamwag/wag_258.xml",4
"ead > archdesc > arrangement > p","tamwag/wag_303.xml",6
"ead > archdesc > arrangement > p","tamwag/wag_312.xml",4
"ead > archdesc > arrangement > p","tamwag/wag_319.xml",5
"ead > archdesc > arrangement > p","tamwag/wag_325.xml",5
"ead > archdesc > arrangement > p > emph","tamwag/photos_020.xml",23
"ead > archdesc > arrangement > p > emph","tamwag/tam_179.xml",10
"ead > archdesc > arrangement > p > emph","tamwag/tam_542.xml",17
"ead > archdesc > arrangement > p > list > item","tamwag/wag_025_002.xml",4
"ead > archdesc > bibliography > p","nyhs/ms2999_rentschler.xml",32
"ead > archdesc > bioghist > chronlist > chronitem > eventgrp > event","nyhs/ms359_ladies_christian_union.xml",12
"ead > archdesc > bioghist > chronlist > chronitem > eventgrp > event","nyhs/ms556_7th_ny_regiment.xml",10
"ead > archdesc > bioghist > chronlist > chronitem > eventgrp > event","nyhs/ms613_taylor_genet.xml",8
"ead > archdesc > bioghist > list > defitem > item","tamwag/tam_361.xml",14
"ead > archdesc > bioghist > p","archives/mc_176.xml",1
"ead > archdesc > bioghist > p","archives/mc_285.xml",1
"ead > archdesc > bioghist > p","archives/rg_37_4.xml",10
"ead > archdesc > bioghist > p","archives/rg_3_0_10.xml",6
"ead > archdesc > bioghist > p","archives/rg_9_8.xml",6
"ead > archdesc > bioghist > p","fales/mss_002.xml",1
"ead > archdesc > bioghist > p","fales/mss_015.xml",3
"ead > archdesc > bioghist > p","fales/mss_022.xml",6
"ead > archdesc > bioghist > p","fales/mss_056.xml",6
"ead > archdesc > bioghist > p","fales/mss_101.xml",1
"ead > archdesc > bioghist > p","fales/mss_122.xml",49
"ead > archdesc > bioghist > p","fales/mss_128.xml",31
"ead > archdesc > bioghist > p","fales/mss_169.xml",33
"ead > archdesc > bioghist > p","fales/mss_180.xml",8
"ead > archdesc > bioghist > p","fales/mss_185.xml",51
"ead > archdesc > bioghist > p","fales/mss_190.xml",134
"ead > archdesc > bioghist > p","fales/mss_193.xml",12
"ead > archdesc > bioghist > p","fales/mss_201.xml",2
"ead > archdesc > bioghist > p","fales/mss_216.xml",1
"ead > archdesc > bioghist > p","fales/mss_220.xml",116
"ead > archdesc > bioghist > p","fales/mss_221.xml",3
"ead > archdesc > bioghist > p","fales/mss_225.xml",1
"ead > archdesc > bioghist > p","fales/mss_226.xml",1
"ead > archdesc > bioghist > p","fales/mss_234.xml",2
"ead > archdesc > bioghist > p","fales/mss_236.xml",6
"ead > archdesc > bioghist > p","fales/mss_238.xml",13
"ead > archdesc > bioghist > p","fales/mss_240.xml",5
"ead > archdesc > bioghist > p","fales/mss_269.xml",7
"ead > archdesc > bioghist > p","fales/mss_279.xml",2
"ead > archdesc > bioghist > p","fales/mss_281.xml",17
"ead > archdesc > bioghist > p","fales/mss_287.xml",2
"ead > archdesc > bioghist > p","fales/mss_289.xml",4
"ead > archdesc > bioghist > p","fales/mss_290.xml",2
"ead > archdesc > bioghist > p","fales/mss_298.xml",23
"ead > archdesc > bioghist > p","fales/mss_300.xml",3
"ead > archdesc > bioghist > p","fales/mss_301.xml",2
"ead > archdesc > bioghist > p","fales/mss_309.xml",38
"ead > archdesc > bioghist > p","fales/mss_361.xml",4
"ead > archdesc > bioghist > p","fales/mss_380.xml",6
"ead > archdesc > bioghist > p","fales/mss_381.xml",6
"ead > archdesc > bioghist > p","fales/mss_383.xml",2
"ead > archdesc > bioghist > p","fales/mss_439.xml",6
"ead > archdesc > bioghist > p","fales/mss_481.xml",10
"ead > archdesc > bioghist > p","fales/mss_483.xml",2
"ead > archdesc > bioghist > p","fales/mss_584.xml",2
"ead > archdesc > bioghist > p","fales/mss_585.xml",2
"ead > archdesc > bioghist > p","nyhs/ms116_city_club.xml",12
"ead > archdesc > bioghist > p","nyhs/ms1493_james_harbord.xml",3
"ead > archdesc > bioghist > p","nyhs/ms183_duffie_family.xml",9
"ead > archdesc > bioghist > p","nyhs/ms220_flexner.xml",16
"ead > archdesc > bioghist > p","nyhs/ms240_horatio_gates.xml",35
"ead > archdesc > bioghist > p","nyhs/ms2902_bowers_family.xml",6
"ead > archdesc > bioghist > p","nyhs/ms2922_oxman.xml",4
"ead > archdesc > bioghist > p","nyhs/ms2999_rentschler.xml",26
"ead > archdesc > bioghist > p","nyhs/ms3018_john_zuccotti.xml",18
"ead > archdesc > bioghist > p","nyhs/ms3029_vincenzo_beltrone.xml",13
"ead > archdesc > bioghist > p","nyhs/ms3033_horticultural.xml",18
"ead > archdesc > bioghist > p","nyhs/ms3042_ethical_culture_fieldston.xml",10
"ead > archdesc > bioghist > p","nyhs/ms3057_speir_payne.xml",4
"ead > archdesc > bioghist > p","nyhs/ms3058_oliver_allen.xml",2
"ead > archdesc > bioghist > p","nyhs/ms3076_iselin.xml",2
"ead > archdesc > bioghist > p","nyhs/ms3085_9threg.xml",16
"ead > archdesc > bioghist > p","nyhs/ms3131_ebenezer_baptist.xml",8
"ead > archdesc > bioghist > p","nyhs/ms3151_four_seasons.xml",8
"ead > archdesc > bioghist > p","nyhs/ms3180_record_of_wills.xml",2
"ead > archdesc > bioghist > p","nyhs/ms3205_victorian_society_metrony.xml",26
"ead > archdesc > bioghist > p","nyhs/ms3213_ketterer.xml",3
"ead > archdesc > bioghist > p","nyhs/ms3217_tough_club.xml",8
"ead > archdesc > bioghist > p","nyhs/ms3234_kelby_st_pauls.xml",2
"ead > archdesc > bioghist > p","nyhs/ms71_luther_bradish.xml",6
"ead > archdesc > bioghist > p","nyhs/pc001_mcloughlin_woodblocks.xml",30
"ead > archdesc > bioghist > p","nyhs/pr004_jessie_tarbox_beals.xml",38
"ead > archdesc > bioghist > p","nyhs/pr011_carte_de_visite.xml",2
"ead > archdesc > bioghist > p","nyhs/pr071_trappan.xml",4
"ead > archdesc > bioghist > p","nyhs/pr080_clarke_rapuano.xml",6
"ead > archdesc > bioghist > p","nyhs/pr104_theatrical_portrait_collection.xml",12
"ead > archdesc > bioghist > p","nyhs/pr193_kerner.xml",2
"ead > archdesc > bioghist > p","nyhs/pr219_johnston.xml",2
"ead > archdesc > bioghist > p","nyhs/pr228_borne.xml",4
"ead > archdesc > bioghist > p","nyhs/pr265_mcguigan_chapman_etchings.xml",1
"ead > archdesc > bioghist > p","nyhs/pr414_anderson_wall_street.xml",4
"ead > archdesc > bioghist > p","nyhs/pr424_bob_gore.xml",6
"ead > archdesc > bioghist > p","nyhs/pr427_joseph_squillante.xml",1
"ead > archdesc > bioghist > p","nyhs/timeinc_ms3009_rg60.xml",5
"ead > archdesc > bioghist > p","tamwag/aia_031_002.xml",2
"ead > archdesc > bioghist > p","tamwag/aia_031_003.xml",3
"ead > archdesc > bioghist > p","tamwag/aia_045.xml",1
"ead > archdesc > bioghist > p","tamwag/tam_069.xml",18
"ead > archdesc > bioghist > p","tamwag/tam_148.xml",2
"ead > archdesc > bioghist > p","tamwag/tam_347.xml",14
"ead > archdesc > bioghist > p","tamwag/tam_616.xml",34
"ead > archdesc > bioghist > p","tamwag/tam_824.xml",2
"ead > archdesc > bioghist > p","tamwag/wag_188.xml",29
"ead > archdesc > bioghist > p > list > item","tamwag/tam_347.xml",2
"ead > archdesc > custodhist > p","fales/mss_361.xml",3
"ead > archdesc > custodhist > p","tamwag/tam_824.xml",2
"ead > archdesc > did > abstract","archives/rism_mc_1.xml",1
"ead > archdesc > did > abstract","fales/mss_055.xml",1
"ead > archdesc > did > abstract","fales/mss_337.xml",1
"ead > archdesc > did > abstract","nyhs/ms1465_manumission_society.xml",2
"ead > archdesc > did > abstract","nyhs/ms179_duane_family.xml",2
"ead > archdesc > did > abstract","nyhs/ms2413_buckingham_smith.xml",2
"ead > archdesc > did > abstract","nyhs/ms24_colored_orphan_asylum.xml",2
"ead > archdesc > did > abstract","nyhs/ms2906_bannerman_family.xml",2
"ead > archdesc > did > abstract","nyhs/ms2958_9815_myer_samuel_isaacs.xml",8
"ead > archdesc > did > abstract","nyhs/ms2958_9816_ferdinand_ruehrmund.xml",2
"ead > archdesc > did > abstract","nyhs/ms2958_9817_davis_leggett.xml",2
"ead > archdesc > did > abstract","nyhs/ms2958_9818_lois_miller.xml",2
"ead > archdesc > did > abstract","nyhs/ms2958_9819_studenroth_collection.xml",2
"ead > archdesc > did > abstract","nyhs/ms2958_9820_seaman_protection_kelly.xml",2
"ead > archdesc > did > abstract","nyhs/ms2958_9821_hugo_rothschild.xml",6
"ead > archdesc > did > abstract","nyhs/ms2958_9824_marvel_shipbuild.xml",4
"ead > archdesc > did > abstract","nyhs/ms2958_9827_hincks_morse.xml",2
"ead > archdesc > did > abstract","nyhs/ms2958_9831_thurgood_marshall.xml",2
"ead > archdesc > did > abstract","nyhs/ms2958_9832_ray_pierce.xml",2
"ead > archdesc > did > abstract","nyhs/ms2958_9833_yorkville_clock.xml",2
"ead > archdesc > did > abstract","nyhs/ms2958_9834_nyc_street_commissioner.xml",2
"ead > archdesc > did > abstract","nyhs/ms2958_9835_withington.xml",2
"ead > archdesc > did > abstract","nyhs/ms2958_9836_firemens_insurance.xml",2
"ead > archdesc > did > abstract","nyhs/ms2958_9837_hopes_delight.xml",2
"ead > archdesc > did > abstract","nyhs/ms2958_9838_harry_potter.xml",2
"ead > archdesc > did > abstract","nyhs/ms2958_9839_welch_fund.xml",2
"ead > archdesc > did > abstract","nyhs/ms2958_9842_johnston_weeks.xml",2
"ead > archdesc > did > abstract","nyhs/ms2958_9843_war_assets.xml",2
"ead > archdesc > did > abstract","nyhs/ms2958_9845_gutfreund.xml",2
"ead > archdesc > did > abstract","nyhs/ms2958_9846_wc_dunn.xml",2
"ead > archdesc > did > abstract","nyhs/ms2958_9847_sotomayor_ziegler.xml",2
"ead > archdesc > did > abstract","nyhs/ms2958_9848_wright_farrer.xml",2
"ead > archdesc > did > abstract","nyhs/ms2958_9849_kennedy_teletypes.xml",2
"ead > archdesc > did > abstract","nyhs/ms2958_9850_axtell_vanpelt.xml",2
"ead > archdesc > did > abstract","nyhs/ms2958_9852_manhattan_burr.xml",2
"ead > archdesc > did > abstract","nyhs/ms2958_9853_philip_pope.xml",2
"ead > archdesc > did > abstract","nyhs/ms2958_9854_hill_matrimonial.xml",2
"ead > archdesc > did > abstract","nyhs/ms2958_9855_nyhrailroad_taxation.xml",2
"ead > archdesc > did > abstract","nyhs/ms2958_9856_stoutenburgh.xml",2
"ead > archdesc > did > abstract","nyhs/ms2958_9858_arthur_tappan.xml",2
"ead > archdesc > did > abstract","nyhs/ms2958_9858_enos_jones.xml",2
"ead > archdesc > did > abstract","nyhs/ms2958_9859_franklin_jay.xml",6
"ead > archdesc > did > abstract","nyhs/ms2958_9860_mumford_lynd.xml",2
"ead > archdesc > did > abstract","nyhs/ms2958_9861_emma_ina_thursby.xml",2
"ead > archdesc > did > abstract","nyhs/ms2958_9863_church_kurtz.xml",2
"ead > archdesc > did > abstract","nyhs/ms2958_9864_lewis_findon.xml",2
"ead > archdesc > did > abstract","nyhs/ms2958_9865_moses_coddington.xml",2
"ead > archdesc > did > abstract","nyhs/ms2958_9866_william_judson.xml",2
"ead > archdesc > did > abstract","nyhs/ms2958_9867_silleck_checks.xml",2
"ead > archdesc > did > abstract","nyhs/ms2958_9868_catalano_family.xml",2
"ead > archdesc > did > abstract","nyhs/ms2958_9868_edward_hussey.xml",4
"ead > archdesc > did > abstract","nyhs/ms2958_9869_myndert_van_schaik.xml",2
"ead > archdesc > did > abstract","nyhs/ms2958_9870_wynona_boober.xml",2
"ead > archdesc > did > abstract","nyhs/ms2958_9871_lossing_winthrop.xml",2
"ead > archdesc > did > abstract","nyhs/ms2958_9872_subway_construction_company.xml",2
"ead > archdesc > did > abstract","nyhs/ms3000_boys_club_ny.xml",2
"ead > archdesc > did > abstract","nyhs/ms3007_charlotte_zerega.xml",2
"ead > archdesc > did > abstract","nyhs/ms3054_liberty_loan_committee.xml",1
"ead > archdesc > did > abstract","nyhs/ms3146_wolfe_memorial_book.xml",4
"ead > archdesc > did > abstract","nyhs/ms3149_charcoals_manuscripts.xml",2
"ead > archdesc > did > abstract","nyhs/ms3211_maclay_mudge.xml",2
"ead > archdesc > did > abstract","nyhs/ms359_ladies_christian_union.xml",2
"ead > archdesc > did > abstract","nyhs/ms439_naval_history_society_collection.xml",3
"ead > archdesc > did > abstract","nyhs/ms490_john_pintard.xml",2
"ead > archdesc > did > abstract","nyhs/ms556_7th_ny_regiment.xml",4
"ead > archdesc > did > abstract","nyhs/ms592_ebenezer_stevens.xml",2
"ead > archdesc > did > abstract","nyhs/ms655_richard_varick.xml",2
"ead > archdesc > did > abstract","nyhs/ms69_william_oland_bourne.xml",2
"ead > archdesc > did > abstract","nyhs/ms72_martha_bradstreet.xml",2
"ead > archdesc > did > abstract","nyhs/pr004_jessie_tarbox_beals.xml",2
"ead > archdesc > did > abstract","nyhs/pr005_billboard_photographs.xml",2
"ead > archdesc > did > abstract","nyhs/pr008_robert_bracklow.xml",2
"ead > archdesc > did > abstract","nyhs/pr009_irving_browning_photos.xml",2
"ead > archdesc > did > abstract","nyhs/pr024_george_hall_son.xml",2
"ead > archdesc > did > abstract","nyhs/pr028_frank_ingalls.xml",2
"ead > archdesc > did > abstract","nyhs/pr041_burr_mcintosh.xml",2
"ead > archdesc > did > abstract","nyhs/pr055_3_civil_war_posters.xml",2
"ead > archdesc > did > abstract","nyhs/pr056_victor_prevost.xml",2
"ead > archdesc > did > abstract","nyhs/pr062_reuel_smith_springs_wells.xml",2
"ead > archdesc > did > abstract","nyhs/pr065_1_civil_war_stereographs.xml",2
"ead > archdesc > did > abstract","nyhs/pr066_george_stonebridge.xml",2
"ead > archdesc > did > abstract","nyhs/pr081_eugene_armbruster.xml",2
"ead > archdesc > did > abstract","nyhs/pr117_patriotic_envelopes.xml",2
"ead > archdesc > did > abstract","nyhs/pr129_tiemann_company.xml",2
"ead > archdesc > did > abstract","nyhs/pr181_william_roege.xml",2
"ead > archdesc > did > abstract","nyhs/pr195_harold_roth.xml",2
"ead > archdesc > did > abstract","nyhs/pr237_elizabeth_ransom.xml",2
"ead > archdesc > did > abstract","nyhs/pr246_frederick_kelly.xml",2
"ead > archdesc > did > abstract","nyhs/pr395_rose_penn.xml",2
"ead > archdesc > did > abstract","nyhs/pr406_levi_jeans_stern.xml",2
"ead > archdesc > did > abstract","nyhs/pr410_charlotte_brooks.xml",2
"ead > archdesc > did > abstract","tamwag/tam_148.xml",4
"ead > archdesc > did > unittitle","archives/rism_rg_16_j.xml",1
"ead > archdesc > did > unittitle","nyhs/pr026_mattie_hewitt_richard_smith.xml",1
"ead > archdesc > did > unittitle","nyhs/pr099_charles_lefferts_military_prints.xml",1
"ead > archdesc > did > unittitle","nyhs/pr115_playing_cards_games.xml",1
"ead > archdesc > did > unittitle","nyhs/pr116_clipper_ship_cards.xml",1
"ead > archdesc > did > unittitle","nyhs/pr121_mabel_lathrop_harper.xml",1
"ead > archdesc > dsc > c > arrangement > p","archives/mc_233.xml",13
"ead > archdesc > dsc > c > arrangement > p","fales/mss_240.xml",13
"ead > archdesc > dsc > c > arrangement > p","fales/mss_281.xml",1
"ead > archdesc > dsc > c > arrangement > p","fales/mss_361.xml",17
"ead > archdesc > dsc > c > arrangement > p","fales/mss_515.xml",17
"ead > archdesc > dsc > c > arrangement > p","nyhs/ms116_city_club.xml",8
"ead > archdesc > dsc > c > arrangement > p","nyhs/ms3017_nicholas_scoppetta.xml",13
"ead > archdesc > dsc > c > arrangement > p","nyhs/ms3033_horticultural.xml",32
"ead > archdesc > dsc > c > arrangement > p","nyhs/ms3034_holland_dames.xml",12
"ead > archdesc > dsc > c > arrangement > p","nyhs/ms3042_ethical_culture_fieldston.xml",56
"ead > archdesc > dsc > c > arrangement > p","nyhs/ms3059_saram.xml",24
"ead > archdesc > dsc > c > arrangement > p","nyhs/ms306_jacob_harvey_family.xml",6
"ead > archdesc > dsc > c > arrangement > p","nyhs/ms3078_dumpson.xml",18
"ead > archdesc > dsc > c > arrangement > p","nyhs/ms3130_price.xml",10
"ead > archdesc > dsc > c > arrangement > p","nyhs/ms3147_billie_jean_king.xml",27
"ead > archdesc > dsc > c > arrangement > p","nyhs/ms3199_womens_sports.xml",26
"ead > archdesc > dsc > c > arrangement > p","nyhs/ms3212_p_adem_carroll.xml",3
"ead > archdesc > dsc > c > arrangement > p","nyhs/ms438_edgar_nathan.xml",2
"ead > archdesc > dsc > c > arrangement > p","nyhs/pr053_post.xml",18
"ead > archdesc > dsc > c > arrangement > p","nyhs/pr142_durr_print.xml",2
"ead > archdesc > dsc > c > arrangement > p","nyhs/pr393_cumming_cecil.xml",6
"ead > archdesc > dsc > c > arrangement > p","nyhs/timeinc_ms3009_rg05.xml",35
"ead > archdesc > dsc > c > arrangement > p","nyhs/timeinc_ms3009_rg14.xml",8
"ead > archdesc > dsc > c > arrangement > p","nyhs/timeinc_ms3009_rg18.xml",5
"ead > archdesc > dsc > c > arrangement > p","nyhs/timeinc_ms3009_rg19.xml",4
"ead > archdesc > dsc > c > arrangement > p","nyhs/timeinc_ms3009_rg25.xml",11
"ead > archdesc > dsc > c > arrangement > p","nyhs/timeinc_ms3009_rg26.xml",8
"ead > archdesc > dsc > c > arrangement > p","nyhs/timeinc_ms3009_rg28.xml",5
"ead > archdesc > dsc > c > arrangement > p","nyhs/timeinc_ms3009_rg41.xml",32
"ead > archdesc > dsc > c > arrangement > p","tamwag/photos_019.xml",117
"ead > archdesc > dsc > c > arrangement > p","tamwag/tam_167.xml",2
"ead > archdesc > dsc > c > arrangement > p","tamwag/tam_169.xml",20
"ead > archdesc > dsc > c > bioghist > p","nyhs/ms231_freedman.xml",6
"ead > archdesc > dsc > c > bioghist > p","nyhs/timeinc_ms3009_rg28.xml",3
"ead > archdesc > dsc > c > c > arrangement > p","archives/mc_233.xml",8
"ead > archdesc > dsc > c > c > arrangement > p","fales/mss_341.xml",7
"ead > archdesc > dsc > c > c > arrangement > p","nyhs/ms3042_ethical_culture_fieldston.xml",51
"ead > archdesc > dsc > c > c > arrangement > p","nyhs/ms306_jacob_harvey_family.xml",1
"ead > archdesc > dsc > c > c > arrangement > p","nyhs/timeinc_ms3009_rg41.xml",8
"ead > archdesc > dsc > c > c > arrangement > p","tamwag/photos_019.xml",99
"ead > archdesc > dsc > c > c > bioghist > p","nyhs/pc001_mcloughlin_woodblocks.xml",1
"ead > archdesc > dsc > c > c > c > c > did > unittitle","archives/mc_2.xml",4
"ead > archdesc > dsc > c > c > c > c > did > unittitle","nyhs/pr073_winston_weisman.xml",90
"ead > archdesc > dsc > c > c > c > c > did > unittitle","tamwag/photos_021.xml",4237
"ead > archdesc > dsc > c > c > c > c > scopecontent > p","nyhs/pr020_geographic_images.xml",4
"ead > archdesc > dsc > c > c > c > c > scopecontent > p","nyhs/timeinc_ms3009_rg35.xml",605
"ead > archdesc > dsc > c > c > c > did > dao > daodesc > p","fales/mss_055.xml",880
"ead > archdesc > dsc > c > c > c > did > dao > daodesc > p","fales/mss_231.xml",125
"ead > archdesc > dsc > c > c > c > did > dao > daodesc > p","tamwag/photos_021.xml",3
"ead > archdesc > dsc > c > c > c > did > physdesc > extent","fales/mss_198.xml",7
"ead > archdesc > dsc > c > c > c > did > unittitle","archives/mc_110.xml",120
"ead > archdesc > dsc > c > c > c > did > unittitle","archives/mc_2.xml",120
"ead > archdesc > dsc > c > c > c > did > unittitle","archives/rg_35.xml",8
"ead > archdesc > dsc > c > c > c > did > unittitle","archives/rism_rg_16_j.xml",1
"ead > archdesc > dsc > c > c > c > did > unittitle","fales/mss_039.xml",4
"ead > archdesc > dsc > c > c > c > did > unittitle","fales/mss_055.xml",882
"ead > archdesc > dsc > c > c > c > did > unittitle","fales/mss_057.xml",3613
"ead > archdesc > dsc > c > c > c > did > unittitle","fales/mss_093.xml",1483
"ead > archdesc > dsc > c > c > c > did > unittitle","fales/mss_114.xml",62
"ead > archdesc > dsc > c > c > c > did > unittitle","fales/mss_133.xml",2218
"ead > archdesc > dsc > c > c > c > did > unittitle","fales/mss_146.xml",40
"ead > archdesc > dsc > c > c > c > did > unittitle","fales/mss_164.xml",52
"ead > archdesc > dsc > c > c > c > did > unittitle","fales/mss_231.xml",754
"ead > archdesc > dsc > c > c > c > did > unittitle","fales/mss_269.xml",11
"ead > archdesc > dsc > c > c > c > did > unittitle","fales/mss_281.xml",52
"ead > archdesc > dsc > c > c > c > did > unittitle","nyhs/ms556_7th_ny_regiment.xml",1
"ead > archdesc > dsc > c > c > c > did > unittitle","nyhs/pr007_james_boyd_etchings.xml",6
"ead > archdesc > dsc > c > c > c > did > unittitle","nyhs/pr041_burr_mcintosh.xml",1142
"ead > archdesc > dsc > c > c > c > did > unittitle","nyhs/pr053_post.xml",42
"ead > archdesc > dsc > c > c > c > did > unittitle","nyhs/pr064_john_snook_drawings.xml",61
"ead > archdesc > dsc > c > c > c > did > unittitle","nyhs/pr073_winston_weisman.xml",52
"ead > archdesc > dsc > c > c > c > did > unittitle","nyhs/pr175_harvey_wang.xml",20
"ead > archdesc > dsc > c > c > c > did > unittitle","nyhs/pr266_american_west_photos.xml",36
"ead > archdesc > dsc > c > c > c > did > unittitle","nyhs/pr276_bernard_gotfryd.xml",899
"ead > archdesc > dsc > c > c > c > did > unittitle","tamwag/photos_021.xml",5836
"ead > archdesc > dsc > c > c > c > did > unittitle","tamwag/photos_048.xml",153
"ead > archdesc > dsc > c > c > c > did > unittitle","tamwag/tam_103.xml",22
"ead > archdesc > dsc > c > c > c > did > unittitle","tamwag/tam_114.xml",28
"ead > archdesc > dsc > c > c > c > did > unittitle","tamwag/tam_118.xml",215
"ead > archdesc > dsc > c > c > c > did > unittitle","tamwag/tam_326.xml",848
"ead > archdesc > dsc > c > c > c > did > unittitle","tamwag/wag_124.xml",88
"ead > archdesc > dsc > c > c > c > odd > p","fales/mss_055.xml",1426
"ead > archdesc > dsc > c > c > c > odd > p","fales/mss_112.xml",44
"ead > archdesc > dsc > c > c > c > odd > p","fales/mss_122.xml",664
"ead > archdesc > dsc > c > c > c > odd > p","fales/mss_202.xml",71
"ead > archdesc > dsc > c > c > c > odd > p","fales/mss_220.xml",4
"ead > archdesc > dsc > c > c > c > odd > p","fales/mss_229.xml",12
"ead > archdesc > dsc > c > c > c > odd > p","fales/mss_232.xml",566
"ead > archdesc > dsc > c > c > c > odd > p","fales/mss_269.xml",2
"ead > archdesc > dsc > c > c > c > odd > p","fales/mss_298.xml",1
"ead > archdesc > dsc > c > c > c > odd > p","nyhs/pr007_james_boyd_etchings.xml",8
"ead > archdesc > dsc > c > c > c > odd > p","tamwag/tam_103.xml",1
"ead > archdesc > dsc > c > c > c > odd > p","tamwag/tam_326.xml",5248
"ead > archdesc > dsc > c > c > c > phystech > p","fales/mss_094.xml",22
"ead > archdesc > dsc > c > c > c > phystech > p","fales/mss_231.xml",282
"ead > archdesc > dsc > c > c > c > phystech > p","fales/mss_249.xml",16
"ead > archdesc > dsc > c > c > c > phystech > p","fales/mss_259.xml",13
"ead > archdesc > dsc > c > c > c > phystech > p","fales/mss_293.xml",1483
"ead > archdesc > dsc > c > c > c > phystech > p","fales/mss_300.xml",4
"ead > archdesc > dsc > c > c > c > phystech > p","nyuad/ad_mc_006.xml",160
"ead > archdesc > dsc > c > c > c > scopecontent > p","archives/mc_138.xml",394
"ead > archdesc > dsc > c > c > c > scopecontent > p","archives/rg_9_8.xml",24
"ead > archdesc > dsc > c > c > c > scopecontent > p","fales/mss_102.xml",74
"ead > archdesc > dsc > c > c > c > scopecontent > p","fales/mss_231.xml",2853
"ead > archdesc > dsc > c > c > c > scopecontent > p","nyhs/ms201_erasmus_hall.xml",682
"ead > archdesc > dsc > c > c > c > scopecontent > p","nyhs/ms231_freedman.xml",36
"ead > archdesc > dsc > c > c > c > scopecontent > p","nyhs/ms2999_rentschler.xml",512
"ead > archdesc > dsc > c > c > c > scopecontent > p","nyhs/ms3017_nicholas_scoppetta.xml",4
"ead > archdesc > dsc > c > c > c > scopecontent > p","nyhs/ms3033_horticultural.xml",563
"ead > archdesc > dsc > c > c > c > scopecontent > p","nyhs/ms3034_holland_dames.xml",24
"ead > archdesc > dsc > c > c > c > scopecontent > p","nyhs/ms3042_ethical_culture_fieldston.xml",1
"ead > archdesc > dsc > c > c > c > scopecontent > p","nyhs/ms3078_dumpson.xml",10
"ead > archdesc > dsc > c > c > c > scopecontent > p","nyhs/ms3105_carole_hyatt.xml",3
"ead > archdesc > dsc > c > c > c > scopecontent > p","nyhs/ms3128_lynne_sagalyn.xml",26
"ead > archdesc > dsc > c > c > c > scopecontent > p","nyhs/ms3130_price.xml",52
"ead > archdesc > dsc > c > c > c > scopecontent > p","nyhs/ms3132_blatchford_potter_delano.xml",13
"ead > archdesc > dsc > c > c > c > scopecontent > p","nyhs/ms3212_p_adem_carroll.xml",21
"ead > archdesc > dsc > c > c > c > scopecontent > p","nyhs/ms477_1_paltsits.xml",1
"ead > archdesc > dsc > c > c > c > scopecontent > p","nyhs/pr011_carte_de_visite.xml",3161
"ead > archdesc > dsc > c > c > c > scopecontent > p","nyhs/pr052_portrait_collection.xml",1157
"ead > archdesc > dsc > c > c > c > scopecontent > p","nyhs/pr053_post.xml",244
"ead > archdesc > dsc > c > c > c > scopecontent > p","nyhs/pr054_postcard.xml",1357
"ead > archdesc > dsc > c > c > c > scopecontent > p","nyhs/pr071_trappan.xml",344
"ead > archdesc > dsc > c > c > c > scopecontent > p","nyhs/pr100_maritime_history_collection.xml",46
"ead > archdesc > dsc > c > c > c > scopecontent > p","nyhs/pr104_theatrical_portrait_collection.xml",526
"ead > archdesc > dsc > c > c > c > scopecontent > p","nyhs/pr370_gramercy_neighborhood_associates.xml",75
"ead > archdesc > dsc > c > c > c > scopecontent > p","nyuad/ad_mc_006.xml",258
"ead > archdesc > dsc > c > c > c > separatedmaterial > p","fales/mss_293.xml",4
"ead > archdesc > dsc > c > c > did > abstract","tamwag/aia_012.xml",99
"ead > archdesc > dsc > c > c > did > dao > daodesc > p","fales/mss_055.xml",3
"ead > archdesc > dsc > c > c > did > dao > daodesc > p","tamwag/alba_photo_011.xml",1821
"ead > archdesc > dsc > c > c > did > dao > daodesc > p","tamwag/photos_021.xml",1
"ead > archdesc > dsc > c > c > did > unittitle","archives/mc_125.xml",2
"ead > archdesc > dsc > c > c > did > unittitle","archives/mc_138.xml",4
"ead > archdesc > dsc > c > c > did > unittitle","archives/mc_139.xml",1
"ead > archdesc > dsc > c > c > did > unittitle","archives/mc_151.xml",21
"ead > archdesc > dsc > c > c > did > unittitle","archives/mc_2.xml",49
"ead > archdesc > dsc > c > c > did > unittitle","archives/rism_rg_16_j.xml",2
"ead > archdesc > dsc > c > c > did > unittitle","archives/ua_os.xml",2
"ead > archdesc > dsc > c > c > did > unittitle","fales/mss_001.xml",3
"ead > archdesc > dsc > c > c > did > unittitle","fales/mss_004.xml",213
"ead > archdesc > dsc > c > c > did > unittitle","fales/mss_005.xml",1
"ead > archdesc > dsc > c > c > did > unittitle","fales/mss_006.xml",97
"ead > archdesc > dsc > c > c > did > unittitle","fales/mss_009.xml",153
"ead > archdesc > dsc > c > c > did > unittitle","fales/mss_011.xml",511
"ead > archdesc > dsc > c > c > did > unittitle","fales/mss_014.xml",290
"ead > archdesc > dsc > c > c > did > unittitle","fales/mss_015.xml",17
"ead > archdesc > dsc > c > c > did > unittitle","fales/mss_025.xml",20
"ead > archdesc > dsc > c > c > did > unittitle","fales/mss_026.xml",32
"ead > archdesc > dsc > c > c > did > unittitle","fales/mss_028.xml",17578
"ead > archdesc > dsc > c > c > did > unittitle","fales/mss_034.xml",438
"ead > archdesc > dsc > c > c > did > unittitle","fales/mss_035.xml",100
"ead > archdesc > dsc > c > c > did > unittitle","fales/mss_037.xml",1
"ead > archdesc > dsc > c > c > did > unittitle","fales/mss_038.xml",83
"ead > archdesc > dsc > c > c > did > unittitle","fales/mss_041.xml",2
"ead > archdesc > dsc > c > c > did > unittitle","fales/mss_050.xml",3
"ead > archdesc > dsc > c > c > did > unittitle","fales/mss_055.xml",3
"ead > archdesc > dsc > c > c > did > unittitle","fales/mss_085.xml",182
"ead > archdesc > dsc > c > c > did > unittitle","fales/mss_093.xml",85
"ead > archdesc > dsc > c > c > did > unittitle","fales/mss_131.xml",12
"ead > archdesc > dsc > c > c > did > unittitle","fales/mss_133.xml",282
"ead > archdesc > dsc > c > c > did > unittitle","fales/mss_366.xml",45
"ead > archdesc > dsc > c > c > did > unittitle","nyhs/ms256_harmon_hendricks_goldstone.xml",322
"ead > archdesc > dsc > c > c > did > unittitle","nyhs/ms3071_wednesday.xml",66
"ead > archdesc > dsc > c > c > did > unittitle","nyhs/ms670_9_david_edward_cronin.xml",18
"ead > archdesc > dsc > c > c > did > unittitle","nyhs/pr004_jessie_tarbox_beals.xml",126
"ead > archdesc > dsc > c > c > did > unittitle","nyhs/pr061_ss_silver_company.xml",90
"ead > archdesc > dsc > c > c > did > unittitle","nyhs/pr064_john_snook_drawings.xml",225
"ead > archdesc > dsc > c > c > did > unittitle","nyhs/pr084_pach_brothers_portraits.xml",932
"ead > archdesc > dsc > c > c > did > unittitle","nyhs/pr085_mathew_brady_studio.xml",451
"ead > archdesc > dsc > c > c > did > unittitle","nyhs/pr247_lockwood_sanford.xml",8
"ead > archdesc > dsc > c > c > did > unittitle","tamwag/alba_236.xml",57
"ead > archdesc > dsc > c > c > did > unittitle","tamwag/photos_015.xml",11
"ead > archdesc > dsc > c > c > did > unittitle","tamwag/photos_021.xml",116
"ead > archdesc > dsc > c > c > did > unittitle","tamwag/photos_047.xml",9
"ead > archdesc > dsc > c > c > did > unittitle","tamwag/tam_014.xml",5
"ead > archdesc > dsc > c > c > did > unittitle","tamwag/tam_015.xml",3
"ead > archdesc > dsc > c > c > did > unittitle","tamwag/tam_021.xml",90
"ead > archdesc > dsc > c > c > did > unittitle","tamwag/tam_038.xml",125
"ead > archdesc > dsc > c > c > did > unittitle","tamwag/tam_046.xml",6
"ead > archdesc > dsc > c > c > did > unittitle","tamwag/tam_048.xml",55
"ead > archdesc > dsc > c > c > did > unittitle","tamwag/tam_056_002.xml",28
"ead > archdesc > dsc > c > c > did > unittitle","tamwag/tam_118.xml",296
"ead > archdesc > dsc > c > c > did > unittitle","tamwag/tam_420.xml",4
"ead > archdesc > dsc > c > c > did > unittitle","tamwag/tam_421.xml",8
"ead > archdesc > dsc > c > c > did > unittitle","tamwag/tam_653.xml",589
"ead > archdesc > dsc > c > c > did > unittitle > emph","fales/mss_034.xml",3
"ead > archdesc > dsc > c > c > did > unittitle > emph","fales/mss_035.xml",1
"ead > archdesc > dsc > c > c > odd > p","fales/mss_032.xml",4
"ead > archdesc > dsc > c > c > odd > p","fales/mss_047.xml",93
"ead > archdesc > dsc > c > c > odd > p","fales/mss_055.xml",6
"ead > archdesc > dsc > c > c > odd > p","fales/mss_133.xml",1
"ead > archdesc > dsc > c > c > odd > p","fales/mss_141.xml",513
"ead > archdesc > dsc > c > c > odd > p","fales/mss_220.xml",2
"ead > archdesc > dsc > c > c > odd > p","fales/mss_298.xml",1
"ead > archdesc > dsc > c > c > odd > p","fales/mss_306.xml",47
"ead > archdesc > dsc > c > c > odd > p","tamwag/alba_photo_011.xml",194
"ead > archdesc > dsc > c > c > odd > p","tamwag/oh_002.xml",4
"ead > archdesc > dsc > c > c > phystech > head","fales/mss_193.xml",1
"ead > archdesc > dsc > c > c > phystech > p","fales/mss_249.xml",23
"ead > archdesc > dsc > c > c > phystech > p","fales/mss_293.xml",912
"ead > archdesc > dsc > c > c > phystech > p","fales/mss_306.xml",80
"ead > archdesc > dsc > c > c > phystech > p","nyuad/ad_mc_022.xml",13
"ead > archdesc > dsc > c > c > scopecontent > head","fales/mss_193.xml",1
"ead > archdesc > dsc > c > c > scopecontent > p","archives/mc_146.xml",2
"ead > archdesc > dsc > c > c > scopecontent > p","archives/rg_9_8.xml",2
"ead > archdesc > dsc > c > c > scopecontent > p","fales/mss_001.xml",42
"ead > archdesc > dsc > c > c > scopecontent > p","fales/mss_123.xml",88
"ead > archdesc > dsc > c > c > scopecontent > p","fales/mss_141.xml",765
"ead > archdesc > dsc > c > c > scopecontent > p","fales/mss_239.xml",62
"ead > archdesc > dsc > c > c > scopecontent > p","fales/mss_281.xml",2
"ead > archdesc > dsc > c > c > scopecontent > p","fales/mss_293.xml",119
"ead > archdesc > dsc > c > c > scopecontent > p","fales/mss_298.xml",24
"ead > archdesc > dsc > c > c > scopecontent > p","fales/mss_306.xml",2
"ead > archdesc > dsc > c > c > scopecontent > p","fales/mss_481.xml",6
"ead > archdesc > dsc > c > c > scopecontent > p","nyhs/ms000_oversize_manuscripts_collection.xml",38
"ead > archdesc > dsc > c > c > scopecontent > p","nyhs/ms0272_hair.xml",49
"ead > archdesc > dsc > c > c > scopecontent > p","nyhs/ms201_erasmus_hall.xml",13
"ead > archdesc > dsc > c > c > scopecontent > p","nyhs/ms231_freedman.xml",24
"ead > archdesc > dsc > c > c > scopecontent > p","nyhs/ms2916_graham_windham.xml",8
"ead > archdesc > dsc > c > c > scopecontent > p","nyhs/ms2922_oxman.xml",4
"ead > archdesc > dsc > c > c > scopecontent > p","nyhs/ms292_shirley_hayes.xml",59
"ead > archdesc > dsc > c > c > scopecontent > p","nyhs/ms2999_rentschler.xml",140
"ead > archdesc > dsc > c > c > scopecontent > p","nyhs/ms3016_henry_walter.xml",109
"ead > archdesc > dsc > c > c > scopecontent > p","nyhs/ms3017_nicholas_scoppetta.xml",3
"ead > archdesc > dsc > c > c > scopecontent > p","nyhs/ms3029_vincenzo_beltrone.xml",31
"ead > archdesc > dsc > c > c > scopecontent > p","nyhs/ms3033_horticultural.xml",32
"ead > archdesc > dsc > c > c > scopecontent > p","nyhs/ms3042_ethical_culture_fieldston.xml",18
"ead > archdesc > dsc > c > c > scopecontent > p","nyhs/ms3045_brenon.xml",2
"ead > archdesc > dsc > c > c > scopecontent > p","nyhs/ms3068_sharman.xml",43
"ead > archdesc > dsc > c > c > scopecontent > p","nyhs/ms3078_dumpson.xml",324
"ead > archdesc > dsc > c > c > scopecontent > p","nyhs/ms3091_low_fleming_king.xml",8
"ead > archdesc > dsc > c > c > scopecontent > p","nyhs/ms3096_cityarts.xml",185
"ead > archdesc > dsc > c > c > scopecontent > p","nyhs/ms3126_hanna.xml",37
"ead > archdesc > dsc > c > c > scopecontent > p","nyhs/ms3130_price.xml",240
"ead > archdesc > dsc > c > c > scopecontent > p","nyhs/ms3151_four_seasons.xml",151
"ead > archdesc > dsc > c > c > scopecontent > p","nyhs/ms3152_crane_goetz.xml",41
"ead > archdesc > dsc > c > c > scopecontent > p","nyhs/ms3181_steinway.xml",3
"ead > archdesc > dsc > c > c > scopecontent > p","nyhs/ms3205_victorian_society_metrony.xml",84
"ead > archdesc > dsc > c > c > scopecontent > p","nyhs/ms3212_p_adem_carroll.xml",23
"ead > archdesc > dsc > c > c > scopecontent > p","nyhs/ms3213_ketterer.xml",106
"ead > archdesc > dsc > c > c > scopecontent > p","nyhs/ms3222_fontana_vincent.xml",50
"ead > archdesc > dsc > c > c > scopecontent > p","nyhs/ms3232_skenazy.xml",19
"ead > archdesc > dsc > c > c > scopecontent > p","nyhs/ms325_irving_olds.xml",1
"ead > archdesc > dsc > c > c > scopecontent > p","nyhs/ms377_leake_watts_childrens_home.xml",13
"ead > archdesc > dsc > c > c > scopecontent > p","nyhs/ms477_1_paltsits.xml",192
"ead > archdesc > dsc > c > c > scopecontent > p","nyhs/pc001_mcloughlin_woodblocks.xml",13
"ead > archdesc > dsc > c > c > scopecontent > p","nyhs/pr010_caricatures.xml",25
"ead > archdesc > dsc > c > c > scopecontent > p","nyhs/pr011_carte_de_visite.xml",142
"ead > archdesc > dsc > c > c > scopecontent > p","nyhs/pr053_post.xml",333
"ead > archdesc > dsc > c > c > scopecontent > p","nyhs/pr054_postcard.xml",1099
"ead > archdesc > dsc > c > c > scopecontent > p","nyhs/pr104_theatrical_portrait_collection.xml",66
"ead > archdesc > dsc > c > c > scopecontent > p","nyhs/pr142_durr_print.xml",4
"ead > archdesc > dsc > c > c > scopecontent > p","nyhs/pr164_civil_war_photographs.xml",64
"ead > archdesc > dsc > c > c > scopecontent > p","nyhs/pr183_burhan_dogancay.xml",4
"ead > archdesc > dsc > c > c > scopecontent > p","nyhs/pr221_asher_durand_prints.xml",2
"ead > archdesc > dsc > c > c > scopecontent > p","nyhs/pr241_voice.xml",1
"ead > archdesc > dsc > c > c > scopecontent > p","nyhs/pr264_ephemera_collection.xml",9
"ead > archdesc > dsc > c > c > scopecontent > p","nyhs/pr312_jane_hoffer.xml",15
"ead > archdesc > dsc > c > c > scopecontent > p","nyhs/pr361_jessica_burstein.xml",28
"ead > archdesc > dsc > c > c > scopecontent > p","nyhs/pr370_gramercy_neighborhood_associates.xml",71
"ead > archdesc > dsc > c > c > scopecontent > p","nyhs/pr440_edward_steichen_photomurals.xml",29
"ead > archdesc > dsc > c > c > scopecontent > p","nyhs/pr450_ps7_continuation_school.xml",49
"ead > archdesc > dsc > c > c > scopecontent > p","nyhs/pr452_randall_comfort.xml",37
"ead > archdesc > dsc > c > c > scopecontent > p","nyhs/pr456_cohen_peter.xml",19
"ead > archdesc > dsc > c > c > scopecontent > p","nyhs/pr463_wings_trading_cards.xml",198
"ead > archdesc > dsc > c > c > scopecontent > p","nyhs/timeinc_ms3009_rg13.xml",4
"ead > archdesc > dsc > c > c > scopecontent > p","nyuad/ad_mc_010.xml",71
"ead > archdesc > dsc > c > c > scopecontent > p > blockquote > p","nyhs/nyhs_archives_rg02.xml",39
"ead > archdesc > dsc > c > c > scopecontent > p > emph","fales/mss_141.xml",7
"ead > archdesc > dsc > c > c > separatedmaterial > p","fales/mss_239.xml",5
"ead > archdesc > dsc > c > c > separatedmaterial > p","fales/mss_293.xml",2
"ead > archdesc > dsc > c > did > abstract","nyhs/ms1660_rufus_king_papers.xml",2
"ead > archdesc > dsc > c > did > unittitle","nyhs/ms3032_7th_regiment_fund.xml",16
"ead > archdesc > dsc > c > did > unittitle","tamwag/tam_010.xml",72
"ead > archdesc > dsc > c > odd > p","fales/mss_206.xml",2
"ead > archdesc > dsc > c > odd > p","nyhs/ms3180_record_of_wills.xml",41
"ead > archdesc > dsc > c > odd > p","nyhs/pr157_jerry_spagnoli.xml",2
"ead > archdesc > dsc > c > odd > p","tamwag/oh_001.xml",41
"ead > archdesc > dsc > c > scopecontent > p","archives/mc_233.xml",7
"ead > archdesc > dsc > c > scopecontent > p","archives/rg_9_8.xml",4
"ead > archdesc > dsc > c > scopecontent > p","fales/mss_122.xml",12
"ead > archdesc > dsc > c > scopecontent > p","fales/mss_133.xml",3
"ead > archdesc > dsc > c > scopecontent > p","fales/mss_155.xml",9
"ead > archdesc > dsc > c > scopecontent > p","fales/mss_169.xml",18
"ead > archdesc > dsc > c > scopecontent > p","fales/mss_180.xml",52
"ead > archdesc > dsc > c > scopecontent > p","fales/mss_202.xml",2
"ead > archdesc > dsc > c > scopecontent > p","fales/mss_220.xml",2
"ead > archdesc > dsc > c > scopecontent > p","fales/mss_225.xml",13
"ead > archdesc > dsc > c > scopecontent > p","fales/mss_270.xml",4
"ead > archdesc > dsc > c > scopecontent > p","fales/mss_274.xml",9
"ead > archdesc > dsc > c > scopecontent > p","fales/mss_298.xml",12
"ead > archdesc > dsc > c > scopecontent > p","fales/mss_309.xml",942
"ead > archdesc > dsc > c > scopecontent > p","fales/mss_420.xml",4
"ead > archdesc > dsc > c > scopecontent > p","fales/mss_425.xml",8
"ead > archdesc > dsc > c > scopecontent > p","fales/mss_439.xml",28
"ead > archdesc > dsc > c > scopecontent > p","fales/mss_467.xml",10
"ead > archdesc > dsc > c > scopecontent > p","fales/mss_590.xml",10
"ead > archdesc > dsc > c > scopecontent > p","nyhs/ms116_city_club.xml",4
"ead > archdesc > dsc > c > scopecontent > p","nyhs/ms1261_edward_durell.xml",40
"ead > archdesc > dsc > c > scopecontent > p","nyhs/ms17_american_institute.xml",5
"ead > archdesc > dsc > c > scopecontent > p","nyhs/ms233_frenchbensoc.xml",10
"ead > archdesc > dsc > c > scopecontent > p","nyhs/ms3018_john_zuccotti.xml",4
"ead > archdesc > dsc > c > scopecontent > p","nyhs/ms3029_vincenzo_beltrone.xml",5
"ead > archdesc > dsc > c > scopecontent > p","nyhs/ms3033_horticultural.xml",5
"ead > archdesc > dsc > c > scopecontent > p","nyhs/ms3034_holland_dames.xml",1
"ead > archdesc > dsc > c > scopecontent > p","nyhs/ms3042_ethical_culture_fieldston.xml",22
"ead > archdesc > dsc > c > scopecontent > p","nyhs/ms3070_newman.xml",15
"ead > archdesc > dsc > c > scopecontent > p","nyhs/ms3125_edwin_kilroe.xml",6
"ead > archdesc > dsc > c > scopecontent > p","nyhs/ms3127_hart_budd_nestell.xml",31
"ead > archdesc > dsc > c > scopecontent > p","nyhs/ms3129_lindquist.xml",33
"ead > archdesc > dsc > c > scopecontent > p","nyhs/ms3152_crane_goetz.xml",5
"ead > archdesc > dsc > c > scopecontent > p","nyhs/ms3180_record_of_wills.xml",1
"ead > archdesc > dsc > c > scopecontent > p","nyhs/ms3205_victorian_society_metrony.xml",120
"ead > archdesc > dsc > c > scopecontent > p","nyhs/ms3212_p_adem_carroll.xml",1
"ead > archdesc > dsc > c > scopecontent > p","nyhs/ms3227_marble_hill_nursery_school.xml",10
"ead > archdesc > dsc > c > scopecontent > p","nyhs/ms3229_hunt_papers.xml",3
"ead > archdesc > dsc > c > scopecontent > p","nyhs/ms3238_wilson_frank_family.xml",54
"ead > archdesc > dsc > c > scopecontent > p","nyhs/ms3240_goldberg_wac.xml",36
"ead > archdesc > dsc > c > scopecontent > p","nyhs/ms3241_champion_george.xml",1093
"ead > archdesc > dsc > c > scopecontent > p","nyhs/ms3244_lawrence_family.xml",13
"ead > archdesc > dsc > c > scopecontent > p","nyhs/ms3245_mccartee_peter.xml",32
"ead > archdesc > dsc > c > scopecontent > p","nyhs/ms347_foundling_hospital.xml",19
"ead > archdesc > dsc > c > scopecontent > p","nyhs/ms377_leake_watts_childrens_home.xml",10
"ead > archdesc > dsc > c > scopecontent > p","nyhs/ms427_gouverneur_morris_jr.xml",1
"ead > archdesc > dsc > c > scopecontent > p","nyhs/ms607_william_sulzer.xml",8
"ead > archdesc > dsc > c > scopecontent > p","nyhs/pr125_homer_davenport.xml",257
"ead > archdesc > dsc > c > scopecontent > p","nyhs/pr170_emery_roth.xml",30
"ead > archdesc > dsc > c > scopecontent > p","nyhs/pr335_madelyn_biggs.xml",28
"ead > archdesc > dsc > c > scopecontent > p","nyhs/pr337_dale_jenkins_postcards.xml",82
"ead > archdesc > dsc > c > scopecontent > p","nyhs/pr355_brooklyn_eagle_postcards.xml",410
"ead > archdesc > dsc > c > scopecontent > p","nyhs/pr367_morgan.xml",716
"ead > archdesc > dsc > c > scopecontent > p","nyhs/pr368_park_west_camera.xml",4
"ead > archdesc > dsc > c > scopecontent > p","nyhs/pr372_holman_flatiron.xml",8
"ead > archdesc > dsc > c > scopecontent > p","nyhs/pr374_racquet.xml",80
"ead > archdesc > dsc > c > scopecontent > p","nyhs/pr375_chapman_old_west.xml",77
"ead > archdesc > dsc > c > scopecontent > p","nyhs/pr391_education.xml",5
"ead > archdesc > dsc > c > scopecontent > p","nyhs/pr408_thornton_postcards.xml",95
"ead > archdesc > dsc > c > scopecontent > p","nyhs/pr428_maurice_brill.xml",2
"ead > archdesc > dsc > c > scopecontent > p","nyhs/pr461_gwb_triborough.xml",114
"ead > archdesc > dsc > c > scopecontent > p","nyhs/pr462_addiss_rorke.xml",3
"ead > archdesc > dsc > c > scopecontent > p","nyhs/pr463_wings_trading_cards.xml",1
"ead > archdesc > dsc > c > scopecontent > p","nyhs/pr464_rathemacher.xml",6
"ead > archdesc > dsc > c > scopecontent > p","tamwag/tam_141.xml",14
"ead > archdesc > dsc > c > scopecontent > p > blockquote > p","nyhs/pr463_wings_trading_cards.xml",10
"ead > archdesc > dsc > c > separatedmaterial > p","fales/mss_293.xml",2
"ead > archdesc > dsc > c > separatedmaterial > p","nyhs/ms2999_rentschler.xml",7
"ead > archdesc > dsc > c > userestrict > p","nyhs/pr042_mckim_mead_white.xml",6
"ead > archdesc > phystech > p","archives/rg_9_8.xml",6
"ead > archdesc > phystech > p","fales/mss_198.xml",2
"ead > archdesc > phystech > p","fales/mss_381.xml",2
"ead > archdesc > phystech > p","fales/mss_420.xml",2
"ead > archdesc > phystech > p","fales/mss_590.xml",2
"ead > archdesc > prefercite > p","archives/mc_206.xml",2
"ead > archdesc > prefercite > p","archives/photo_00001.xml",3
"ead > archdesc > prefercite > p","archives/rg_10.xml",3
"ead > archdesc > prefercite > p","archives/rg_10_2.xml",3
"ead > archdesc > prefercite > p","archives/rg_11_4.xml",3
"ead > archdesc > prefercite > p","archives/rg_12_11.xml",2
"ead > archdesc > prefercite > p","archives/rg_13_1.xml",3
"ead > archdesc > prefercite > p","archives/rg_15_5.xml",3
"ead > archdesc > prefercite > p","archives/rg_18_0_1.xml",3
"ead > archdesc > prefercite > p","archives/rg_20.xml",3
"ead > archdesc > prefercite > p","archives/rg_21_1.xml",2
"ead > archdesc > prefercite > p","archives/rg_21_3.xml",3
"ead > archdesc > prefercite > p","archives/rg_22_1.xml",2
"ead > archdesc > prefercite > p","archives/rg_26_0_1.xml",3
"ead > archdesc > prefercite > p","archives/rg_26_8.xml",3
"ead > archdesc > prefercite > p","archives/rg_35.xml",10
"ead > archdesc > prefercite > p","archives/rism_mc_1.xml",1
"ead > archdesc > prefercite > p","archives/rism_rg_11.xml",3
"ead > archdesc > prefercite > p","archives/rism_rg_18.xml",3
"ead > archdesc > prefercite > p","archives/rism_rg_3.xml",3
"ead > archdesc > prefercite > p","archives/rism_rg_6.xml",3
"ead > archdesc > prefercite > p","fales/mss_001.xml",2
"ead > archdesc > prefercite > p","fales/mss_003.xml",2
"ead > archdesc > prefercite > p","fales/mss_004.xml",2
"ead > archdesc > prefercite > p","fales/mss_005.xml",2
"ead > archdesc > prefercite > p","fales/mss_006.xml",2
"ead > archdesc > prefercite > p","fales/mss_007.xml",2
"ead > archdesc > prefercite > p","fales/mss_008.xml",3
"ead > archdesc > prefercite > p","fales/mss_010.xml",2
"ead > archdesc > prefercite > p","fales/mss_011.xml",2
"ead > archdesc > prefercite > p","fales/mss_012.xml",2
"ead > archdesc > prefercite > p","fales/mss_014.xml",2
"ead > archdesc > prefercite > p","fales/mss_015.xml",2
"ead > archdesc > prefercite > p","fales/mss_016.xml",2
"ead > archdesc > prefercite > p","fales/mss_017.xml",2
"ead > archdesc > prefercite > p","fales/mss_018.xml",2
"ead > archdesc > prefercite > p","fales/mss_019.xml",2
"ead > archdesc > prefercite > p","fales/mss_020.xml",2
"ead > archdesc > prefercite > p","fales/mss_021.xml",2
"ead > archdesc > prefercite > p","fales/mss_022.xml",2
"ead > archdesc > prefercite > p","fales/mss_023.xml",2
"ead > archdesc > prefercite > p","fales/mss_024.xml",2
"ead > archdesc > prefercite > p","fales/mss_025.xml",2
"ead > archdesc > prefercite > p","fales/mss_026.xml",2
"ead > archdesc > prefercite > p","fales/mss_028.xml",2
"ead > archdesc > prefercite > p","fales/mss_031.xml",2
"ead > archdesc > prefercite > p","fales/mss_032.xml",2
"ead > archdesc > prefercite > p","fales/mss_033.xml",1
"ead > archdesc > prefercite > p","fales/mss_034.xml",2
"ead > archdesc > prefercite > p","fales/mss_035.xml",2
"ead > archdesc > prefercite > p","fales/mss_036.xml",2
"ead > archdesc > prefercite > p","fales/mss_037.xml",2
"ead > archdesc > prefercite > p","fales/mss_038.xml",2
"ead > archdesc > prefercite > p","fales/mss_039.xml",2
"ead > archdesc > prefercite > p","fales/mss_040.xml",2
"ead > archdesc > prefercite > p","fales/mss_041.xml",2
"ead > archdesc > prefercite > p","fales/mss_043.xml",2
"ead > archdesc > prefercite > p","fales/mss_044.xml",2
"ead > archdesc > prefercite > p","fales/mss_045.xml",2
"ead > archdesc > prefercite > p","fales/mss_046.xml",2
"ead > archdesc > prefercite > p","fales/mss_047.xml",2
"ead > archdesc > prefercite > p","fales/mss_050.xml",2
"ead > archdesc > prefercite > p","fales/mss_051.xml",2
"ead > archdesc > prefercite > p","fales/mss_052.xml",2
"ead > archdesc > prefercite > p","fales/mss_053.xml",2
"ead > archdesc > prefercite > p","fales/mss_054.xml",2
"ead > archdesc > prefercite > p","fales/mss_055.xml",2
"ead > archdesc > prefercite > p","fales/mss_056.xml",2
"ead > archdesc > prefercite > p","fales/mss_057.xml",2
"ead > archdesc > prefercite > p","fales/mss_058.xml",2
"ead > archdesc > prefercite > p","fales/mss_070.xml",2
"ead > archdesc > prefercite > p","fales/mss_071.xml",2
"ead > archdesc > prefercite > p","fales/mss_077.xml",2
"ead > archdesc > prefercite > p","fales/mss_078.xml",2
"ead > archdesc > prefercite > p","fales/mss_081.xml",2
"ead > archdesc > prefercite > p","fales/mss_084.xml",2
"ead > archdesc > prefercite > p","fales/mss_085.xml",2
"ead > archdesc > prefercite > p","fales/mss_086.xml",2
"ead > archdesc > prefercite > p","fales/mss_087.xml",2
"ead > archdesc > prefercite > p","fales/mss_088.xml",2
"ead > archdesc > prefercite > p","fales/mss_089.xml",2
"ead > archdesc > prefercite > p","fales/mss_090.xml",2
"ead > archdesc > prefercite > p","fales/mss_093.xml",2
"ead > archdesc > prefercite > p","fales/mss_095.xml",2
"ead > archdesc > prefercite > p","fales/mss_097.xml",2
"ead > archdesc > prefercite > p","fales/mss_098.xml",2
"ead > archdesc > prefercite > p","fales/mss_100.xml",2
"ead > archdesc > prefercite > p","fales/mss_101.xml",2
"ead > archdesc > prefercite > p","fales/mss_106.xml",2
"ead > archdesc > prefercite > p","fales/mss_110.xml",2
"ead > archdesc > prefercite > p","fales/mss_113.xml",2
"ead > archdesc > prefercite > p","fales/mss_114.xml",2
"ead > archdesc > prefercite > p","fales/mss_115.xml",2
"ead > archdesc > prefercite > p","fales/mss_118.xml",2
"ead > archdesc > prefercite > p","fales/mss_119.xml",2
"ead > archdesc > prefercite > p","fales/mss_121.xml",2
"ead > archdesc > prefercite > p","fales/mss_122.xml",2
"ead > archdesc > prefercite > p","fales/mss_123.xml",2
"ead > archdesc > prefercite > p","fales/mss_125.xml",2
"ead > archdesc > prefercite > p","fales/mss_126.xml",2
"ead > archdesc > prefercite > p","fales/mss_127.xml",2
"ead > archdesc > prefercite > p","fales/mss_131.xml",2
"ead > archdesc > prefercite > p","fales/mss_132.xml",2
"ead > archdesc > prefercite > p","fales/mss_133.xml",2
"ead > archdesc > prefercite > p","fales/mss_134.xml",2
"ead > archdesc > prefercite > p","fales/mss_135.xml",2
"ead > archdesc > prefercite > p","fales/mss_136.xml",2
"ead > archdesc > prefercite > p","fales/mss_137.xml",2
"ead > archdesc > prefercite > p","fales/mss_138.xml",2
"ead > archdesc > prefercite > p","fales/mss_139.xml",2
"ead > archdesc > prefercite > p","fales/mss_140.xml",2
"ead > archdesc > prefercite > p","fales/mss_142.xml",2
"ead > archdesc > prefercite > p","fales/mss_143.xml",2
"ead > archdesc > prefercite > p","fales/mss_145.xml",2
"ead > archdesc > prefercite > p","fales/mss_146.xml",2
"ead > archdesc > prefercite > p","fales/mss_149.xml",2
"ead > archdesc > prefercite > p","fales/mss_150.xml",2
"ead > archdesc > prefercite > p","fales/mss_153.xml",2
"ead > archdesc > prefercite > p","fales/mss_156.xml",2
"ead > archdesc > prefercite > p","fales/mss_158.xml",2
"ead > archdesc > prefercite > p","fales/mss_161.xml",2
"ead > archdesc > prefercite > p","fales/mss_164.xml",2
"ead > archdesc > prefercite > p","fales/mss_165.xml",2
"ead > archdesc > prefercite > p","fales/mss_166.xml",2
"ead > archdesc > prefercite > p","fales/mss_167.xml",2
"ead > archdesc > prefercite > p","fales/mss_168.xml",2
"ead > archdesc > prefercite > p","fales/mss_169.xml",2
"ead > archdesc > prefercite > p","fales/mss_170.xml",2
"ead > archdesc > prefercite > p","fales/mss_171.xml",2
"ead > archdesc > prefercite > p","fales/mss_174.xml",2
"ead > archdesc > prefercite > p","fales/mss_178.xml",2
"ead > archdesc > prefercite > p","fales/mss_180.xml",2
"ead > archdesc > prefercite > p","fales/mss_184.xml",2
"ead > archdesc > prefercite > p","fales/mss_190.xml",2
"ead > archdesc > prefercite > p","fales/mss_191.xml",2
"ead > archdesc > prefercite > p","fales/mss_193.xml",1
"ead > archdesc > prefercite > p","fales/mss_202.xml",2
"ead > archdesc > prefercite > p","fales/mss_208.xml",2
"ead > archdesc > prefercite > p","fales/mss_210.xml",2
"ead > archdesc > prefercite > p","fales/mss_213.xml",2
"ead > archdesc > prefercite > p","fales/mss_214.xml",2
"ead > archdesc > prefercite > p","fales/mss_216.xml",2
"ead > archdesc > prefercite > p","fales/mss_220.xml",2
"ead > archdesc > prefercite > p","fales/mss_225.xml",2
"ead > archdesc > prefercite > p","fales/mss_226.xml",2
"ead > archdesc > prefercite > p","fales/mss_229.xml",2
"ead > archdesc > prefercite > p","fales/mss_234.xml",2
"ead > archdesc > prefercite > p","fales/mss_236.xml",2
"ead > archdesc > prefercite > p","fales/mss_238.xml",2
"ead > archdesc > prefercite > p","fales/mss_239.xml",2
"ead > archdesc > prefercite > p","fales/mss_241.xml",2
"ead > archdesc > prefercite > p","fales/mss_244.xml",2
"ead > archdesc > prefercite > p","fales/mss_245.xml",2
"ead > archdesc > prefercite > p","fales/mss_247.xml",2
"ead > archdesc > prefercite > p","fales/mss_248.xml",2
"ead > archdesc > prefercite > p","fales/mss_249.xml",2
"ead > archdesc > prefercite > p","fales/mss_250.xml",2
"ead > archdesc > prefercite > p","fales/mss_255.xml",2
"ead > archdesc > prefercite > p","fales/mss_258.xml",2
"ead > archdesc > prefercite > p","fales/mss_259.xml",2
"ead > archdesc > prefercite > p","fales/mss_261.xml",2
"ead > archdesc > prefercite > p","fales/mss_262.xml",2
"ead > archdesc > prefercite > p","fales/mss_263.xml",2
"ead > archdesc > prefercite > p","fales/mss_264.xml",2
"ead > archdesc > prefercite > p","fales/mss_266.xml",2
"ead > archdesc > prefercite > p","fales/mss_268.xml",2
"ead > archdesc > prefercite > p","fales/mss_270.xml",2
"ead > archdesc > prefercite > p","fales/mss_271.xml",2
"ead > archdesc > prefercite > p","fales/mss_273.xml",2
"ead > archdesc > prefercite > p","fales/mss_274.xml",2
"ead > archdesc > prefercite > p","fales/mss_277.xml",2
"ead > archdesc > prefercite > p","fales/mss_279.xml",2
"ead > archdesc > prefercite > p","fales/mss_281.xml",2
"ead > archdesc > prefercite > p","fales/mss_287.xml",2
"ead > archdesc > prefercite > p","fales/mss_289.xml",2
"ead > archdesc > prefercite > p","fales/mss_290.xml",2
"ead > archdesc > prefercite > p","fales/mss_291.xml",2
"ead > archdesc > prefercite > p","fales/mss_292.xml",2
"ead > archdesc > prefercite > p","fales/mss_293.xml",2
"ead > archdesc > prefercite > p","fales/mss_298.xml",2
"ead > archdesc > prefercite > p","fales/mss_299.xml",2
"ead > archdesc > prefercite > p","fales/mss_305.xml",2
"ead > archdesc > prefercite > p","fales/mss_306.xml",2
"ead > archdesc > prefercite > p","fales/mss_307.xml",2
"ead > archdesc > prefercite > p","fales/mss_312.xml",4
"ead > archdesc > prefercite > p","fales/mss_313.xml",2
"ead > archdesc > prefercite > p","fales/mss_316.xml",2
"ead > archdesc > prefercite > p","fales/mss_319.xml",2
"ead > archdesc > prefercite > p","fales/mss_320.xml",2
"ead > archdesc > prefercite > p","fales/mss_322.xml",2
"ead > archdesc > prefercite > p","fales/mss_325.xml",2
"ead > archdesc > prefercite > p","fales/mss_326.xml",2
"ead > archdesc > prefercite > p","fales/mss_328.xml",2
"ead > archdesc > prefercite > p","fales/mss_333.xml",2
"ead > archdesc > prefercite > p","fales/mss_335.xml",2
"ead > archdesc > prefercite > p","fales/mss_336.xml",2
"ead > archdesc > prefercite > p","fales/mss_337.xml",2
"ead > archdesc > prefercite > p","fales/mss_340.xml",2
"ead > archdesc > prefercite > p","fales/mss_341.xml",2
"ead > archdesc > prefercite > p","fales/mss_343.xml",2
"ead > archdesc > prefercite > p","fales/mss_345.xml",2
"ead > archdesc > prefercite > p","fales/mss_346.xml",2
"ead > archdesc > prefercite > p","fales/mss_349.xml",2
"ead > archdesc > prefercite > p","fales/mss_354.xml",4
"ead > archdesc > prefercite > p","fales/mss_355.xml",2
"ead > archdesc > prefercite > p","fales/mss_357.xml",2
"ead > archdesc > prefercite > p","fales/mss_362.xml",2
"ead > archdesc > prefercite > p","fales/mss_364.xml",2
"ead > archdesc > prefercite > p","fales/mss_366.xml",2
"ead > archdesc > prefercite > p","fales/mss_367.xml",2
"ead > archdesc > prefercite > p","fales/mss_373.xml",2
"ead > archdesc > prefercite > p","fales/mss_376.xml",2
"ead > archdesc > prefercite > p","fales/mss_379.xml",2
"ead > archdesc > prefercite > p","fales/mss_380.xml",2
"ead > archdesc > prefercite > p","fales/mss_383.xml",2
"ead > archdesc > prefercite > p","fales/mss_394.xml",2
"ead > archdesc > prefercite > p","fales/mss_395.xml",2
"ead > archdesc > prefercite > p","fales/mss_396.xml",2
"ead > archdesc > prefercite > p","fales/mss_397.xml",2
"ead > archdesc > prefercite > p","fales/mss_413.xml",2
"ead > archdesc > prefercite > p","fales/mss_414.xml",2
"ead > archdesc > prefercite > p","fales/mss_422.xml",2
"ead > archdesc > prefercite > p","fales/mss_423.xml",2
"ead > archdesc > prefercite > p","fales/mss_434.xml",2
"ead > archdesc > prefercite > p","fales/mss_435.xml",2
"ead > archdesc > prefercite > p","fales/mss_441.xml",2
"ead > archdesc > prefercite > p","fales/mss_445.xml",2
"ead > archdesc > prefercite > p","fales/mss_446.xml",2
"ead > archdesc > prefercite > p","fales/mss_448.xml",2
"ead > archdesc > prefercite > p","fales/mss_451.xml",2
"ead > archdesc > prefercite > p","fales/mss_452.xml",2
"ead > archdesc > prefercite > p","fales/mss_453.xml",2
"ead > archdesc > prefercite > p","fales/mss_454.xml",2
"ead > archdesc > prefercite > p","fales/mss_548.xml",2
"ead > archdesc > prefercite > p","fales/mss_550.xml",2
"ead > archdesc > prefercite > p","fales/mss_570.xml",1
"ead > archdesc > prefercite > p","nyhs/pr346_flanagan.xml",2
"ead > archdesc > prefercite > p","nyhs/pr370_gramercy_neighborhood_associates.xml",1
"ead > archdesc > prefercite > p","nyhs/pr373_ken_ratner.xml",2
"ead > archdesc > prefercite > p","nyhs/pr414_anderson_wall_street.xml",2
"ead > archdesc > prefercite > p","nyuad/ad_mc_010.xml",2
"ead > archdesc > prefercite > p","tamwag/aia_002.xml",6
"ead > archdesc > prefercite > p","tamwag/aia_003.xml",3
"ead > archdesc > prefercite > p","tamwag/aia_010.xml",6
"ead > archdesc > prefercite > p","tamwag/aia_012.xml",3
"ead > archdesc > prefercite > p","tamwag/aia_016.xml",4
"ead > archdesc > prefercite > p","tamwag/aia_019.xml",3
"ead > archdesc > prefercite > p","tamwag/aia_021.xml",4
"ead > archdesc > prefercite > p","tamwag/aia_022.xml",6
"ead > archdesc > prefercite > p","tamwag/aia_023.xml",6
"ead > archdesc > prefercite > p","tamwag/aia_024.xml",6
"ead > archdesc > prefercite > p","tamwag/aia_025.xml",6
"ead > archdesc > prefercite > p","tamwag/aia_027.xml",2
"ead > archdesc > prefercite > p","tamwag/aia_028.xml",4
"ead > archdesc > prefercite > p","tamwag/aia_031_004.xml",4
"ead > archdesc > prefercite > p","tamwag/aia_031_005.xml",3
"ead > archdesc > prefercite > p","tamwag/aia_035.xml",6
"ead > archdesc > prefercite > p","tamwag/aia_041.xml",6
"ead > archdesc > prefercite > p","tamwag/aia_044.xml",4
"ead > archdesc > prefercite > p","tamwag/aia_046.xml",6
"ead > archdesc > prefercite > p","tamwag/aia_047.xml",2
"ead > archdesc > prefercite > p","tamwag/aia_048.xml",6
"ead > archdesc > prefercite > p","tamwag/aia_049.xml",2
"ead > archdesc > prefercite > p","tamwag/aia_054.xml",6
"ead > archdesc > prefercite > p","tamwag/aia_056.xml",6
"ead > archdesc > prefercite > p","tamwag/aia_057.xml",4
"ead > archdesc > prefercite > p","tamwag/aia_060.xml",6
"ead > archdesc > prefercite > p","tamwag/aia_062.xml",1
"ead > archdesc > prefercite > p","tamwag/alba_002.xml",2
"ead > archdesc > prefercite > p","tamwag/alba_004.xml",6
"ead > archdesc > prefercite > p","tamwag/alba_008.xml",6
"ead > archdesc > prefercite > p","tamwag/alba_018.xml",6
"ead > archdesc > prefercite > p","tamwag/alba_024.xml",6
"ead > archdesc > prefercite > p","tamwag/alba_027.xml",6
"ead > archdesc > prefercite > p","tamwag/alba_029.xml",6
"ead > archdesc > prefercite > p","tamwag/alba_033.xml",6
"ead > archdesc > prefercite > p","tamwag/alba_035.xml",2
"ead > archdesc > prefercite > p","tamwag/alba_039.xml",6
"ead > archdesc > prefercite > p","tamwag/alba_045.xml",6
"ead > archdesc > prefercite > p","tamwag/alba_046.xml",6
"ead > archdesc > prefercite > p","tamwag/alba_055.xml",6
"ead > archdesc > prefercite > p","tamwag/alba_056.xml",6
"ead > archdesc > prefercite > p","tamwag/alba_057.xml",6
"ead > archdesc > prefercite > p","tamwag/alba_058.xml",6
"ead > archdesc > prefercite > p","tamwag/alba_066.xml",6
"ead > archdesc > prefercite > p","tamwag/alba_067.xml",6
"ead > archdesc > prefercite > p","tamwag/alba_068.xml",6
"ead > archdesc > prefercite > p","tamwag/alba_069.xml",6
"ead > archdesc > prefercite > p","tamwag/alba_070.xml",6
"ead > archdesc > prefercite > p","tamwag/alba_071.xml",6
"ead > archdesc > prefercite > p","tamwag/alba_077.xml",6
"ead > archdesc > prefercite > p","tamwag/alba_082.xml",6
"ead > archdesc > prefercite > p","tamwag/alba_088.xml",6
"ead > archdesc > prefercite > p","tamwag/alba_089.xml",6
"ead > archdesc > prefercite > p","tamwag/alba_092.xml",6
"ead > archdesc > prefercite > p","tamwag/alba_094.xml",6
"ead > archdesc > prefercite > p","tamwag/alba_096.xml",6
"ead > archdesc > prefercite > p","tamwag/alba_097.xml",6
"ead > archdesc > prefercite > p","tamwag/alba_099.xml",2
"ead > archdesc > prefercite > p","tamwag/alba_100.xml",6
"ead > archdesc > prefercite > p","tamwag/alba_104.xml",6
"ead > archdesc > prefercite > p","tamwag/alba_109.xml",6
"ead > archdesc > prefercite > p","tamwag/alba_110.xml",6
"ead > archdesc > prefercite > p","tamwag/alba_117.xml",6
"ead > archdesc > prefercite > p","tamwag/alba_120.xml",6
"ead > archdesc > prefercite > p","tamwag/alba_121.xml",6
"ead > archdesc > prefercite > p","tamwag/alba_122.xml",6
"ead > archdesc > prefercite > p","tamwag/alba_123.xml",6
"ead > archdesc > prefercite > p","tamwag/alba_124.xml",6
"ead > archdesc > prefercite > p","tamwag/alba_125.xml",6
"ead > archdesc > prefercite > p","tamwag/alba_126.xml",6
"ead > archdesc > prefercite > p","tamwag/alba_127.xml",6
"ead > archdesc > prefercite > p","tamwag/alba_129.xml",6
"ead > archdesc > prefercite > p","tamwag/alba_131.xml",6
"ead > archdesc > prefercite > p","tamwag/alba_133.xml",6
"ead > archdesc > prefercite > p","tamwag/alba_135.xml",6
"ead > archdesc > prefercite > p","tamwag/alba_137.xml",6
"ead > archdesc > prefercite > p","tamwag/alba_139.xml",2
"ead > archdesc > prefercite > p","tamwag/alba_141.xml",6
"ead > archdesc > prefercite > p","tamwag/alba_143.xml",6
"ead > archdesc > prefercite > p","tamwag/alba_165.xml",2
"ead > archdesc > prefercite > p","tamwag/alba_170.xml",2
"ead > archdesc > prefercite > p","tamwag/alba_191.xml",6
"ead > archdesc > prefercite > p","tamwag/alba_192.xml",6
"ead > archdesc > prefercite > p","tamwag/alba_194.xml",6
"ead > archdesc > prefercite > p","tamwag/alba_195.xml",6
"ead > archdesc > prefercite > p","tamwag/alba_197.xml",6
"ead > archdesc > prefercite > p","tamwag/alba_200.xml",6
"ead > archdesc > prefercite > p","tamwag/alba_202.xml",6
"ead > archdesc > prefercite > p","tamwag/alba_206.xml",6
"ead > archdesc > prefercite > p","tamwag/alba_207.xml",6
"ead > archdesc > prefercite > p","tamwag/alba_211.xml",6
"ead > archdesc > prefercite > p","tamwag/alba_212.xml",6
"ead > archdesc > prefercite > p","tamwag/alba_214.xml",6
"ead > archdesc > prefercite > p","tamwag/alba_215.xml",6
"ead > archdesc > prefercite > p","tamwag/alba_216.xml",6
"ead > archdesc > prefercite > p","tamwag/alba_218.xml",6
"ead > archdesc > prefercite > p","tamwag/alba_223.xml",6
"ead > archdesc > prefercite > p","tamwag/alba_227.xml",6
"ead > archdesc > prefercite > p","tamwag/alba_236.xml",6
"ead > archdesc > prefercite > p","tamwag/alba_240.xml",6
"ead > archdesc > prefercite > p","tamwag/alba_255.xml",2
"ead > archdesc > prefercite > p","tamwag/alba_267.xml",6
"ead > archdesc > prefercite > p","tamwag/alba_271.xml",6
"ead > archdesc > prefercite > p","tamwag/alba_272.xml",6
"ead > archdesc > prefercite > p","tamwag/alba_277.xml",2
"ead > archdesc > prefercite > p","tamwag/alba_278.xml",6
"ead > archdesc > prefercite > p","tamwag/alba_282.xml",2
"ead > archdesc > prefercite > p","tamwag/alba_audio_066.xml",6
"ead > archdesc > prefercite > p","tamwag/alba_graphics_001.xml",2
"ead > archdesc > prefercite > p","tamwag/alba_photo_001.xml",6
"ead > archdesc > prefercite > p","tamwag/alba_photo_010.xml",6
"ead > archdesc > prefercite > p","tamwag/alba_photo_011.xml",6
"ead > archdesc > prefercite > p","tamwag/alba_photo_012.xml",6
"ead > archdesc > prefercite > p","tamwag/alba_photo_015.xml",2
"ead > archdesc > prefercite > p","tamwag/alba_photo_036.xml",2
"ead > archdesc > prefercite > p","tamwag/alba_photo_045.xml",6
"ead > archdesc > prefercite > p","tamwag/alba_photo_049.xml",6
"ead > archdesc > prefercite > p","tamwag/alba_photo_055.xml",6
"ead > archdesc > prefercite > p","tamwag/alba_photo_066.xml",6
"ead > archdesc > prefercite > p","tamwag/alba_photo_104.xml",6
"ead > archdesc > prefercite > p","tamwag/alba_photo_125.xml",6
"ead > archdesc > prefercite > p","tamwag/alba_photo_128.xml",6
"ead > archdesc > prefercite > p","tamwag/alba_photo_131.xml",6
"ead > archdesc > prefercite > p","tamwag/alba_photo_142.xml",6
"ead > archdesc > prefercite > p","tamwag/alba_photo_148.xml",6
"ead > archdesc > prefercite > p","tamwag/alba_photo_165.xml",6
"ead > archdesc > prefercite > p","tamwag/alba_photo_177.xml",6
"ead > archdesc > prefercite > p","tamwag/alba_photo_184.xml",6
"ead > archdesc > prefercite > p","tamwag/alba_photo_186.xml",6
"ead > archdesc > prefercite > p","tamwag/alba_photo_199.xml",6
"ead > archdesc > prefercite > p","tamwag/alba_photo_207.xml",6
"ead > archdesc > prefercite > p","tamwag/alba_vf_002.xml",6
"ead > archdesc > prefercite > p","tamwag/alba_video_048.xml",3
"ead > archdesc > prefercite > p","tamwag/graphics_003.xml",2
"ead > archdesc > prefercite > p","tamwag/graphics_013.xml",2
"ead > archdesc > prefercite > p","tamwag/graphics_024_001.xml",2
"ead > archdesc > prefercite > p","tamwag/graphics_034.xml",6
"ead > archdesc > prefercite > p","tamwag/graphics_037.xml",2
"ead > archdesc > prefercite > p","tamwag/graphics_038.xml",2
"ead > archdesc > prefercite > p","tamwag/oh_015.xml",2
"ead > archdesc > prefercite > p","tamwag/oh_031.xml",2
"ead > archdesc > prefercite > p","tamwag/oh_052.xml",1
"ead > archdesc > prefercite > p","tamwag/pe_001.xml",6
"ead > archdesc > prefercite > p","tamwag/pe_002.xml",6
"ead > archdesc > prefercite > p","tamwag/pe_003.xml",6
"ead > archdesc > prefercite > p","tamwag/pe_005.xml",6
"ead > archdesc > prefercite > p","tamwag/pe_006.xml",6
"ead > archdesc > prefercite > p","tamwag/pe_007.xml",6
"ead > archdesc > prefercite > p","tamwag/pe_008.xml",6
"ead > archdesc > prefercite > p","tamwag/pe_009.xml",6
"ead > archdesc > prefercite > p","tamwag/pe_010.xml",6
"ead > archdesc > prefercite > p","tamwag/pe_011.xml",6
"ead > archdesc > prefercite > p","tamwag/pe_012.xml",6
"ead > archdesc > prefercite > p","tamwag/pe_013.xml",6
"ead > archdesc > prefercite > p","tamwag/pe_014.xml",6
"ead > archdesc > prefercite > p","tamwag/pe_015.xml",6
"ead > archdesc > prefercite > p","tamwag/pe_016.xml",6
"ead > archdesc > prefercite > p","tamwag/pe_017.xml",6
"ead > archdesc > prefercite > p","tamwag/pe_019.xml",6
"ead > archdesc > prefercite > p","tamwag/pe_020.xml",6
"ead > archdesc > prefercite > p","tamwag/pe_021.xml",6
"ead > archdesc > prefercite > p","tamwag/pe_022.xml",6
"ead > archdesc > prefercite > p","tamwag/pe_023.xml",6
"ead > archdesc > prefercite > p","tamwag/pe_024.xml",6
"ead > archdesc > prefercite > p","tamwag/pe_025.xml",6
"ead > archdesc > prefercite > p","tamwag/pe_026.xml",6
"ead > archdesc > prefercite > p","tamwag/pe_027.xml",6
"ead > archdesc > prefercite > p","tamwag/pe_028.xml",6
"ead > archdesc > prefercite > p","tamwag/pe_029.xml",2
"ead > archdesc > prefercite > p","tamwag/pe_030.xml",6
"ead > archdesc > prefercite > p","tamwag/pe_031.xml",6
"ead > archdesc > prefercite > p","tamwag/pe_033.xml",6
"ead > archdesc > prefercite > p","tamwag/pe_034.xml",6
"ead > archdesc > prefercite > p","tamwag/pe_035.xml",3
"ead > archdesc > prefercite > p","tamwag/pe_036.xml",6
"ead > archdesc > prefercite > p","tamwag/pe_037.xml",6
"ead > archdesc > prefercite > p","tamwag/pe_038.xml",6
"ead > archdesc > prefercite > p","tamwag/pe_039.xml",6
"ead > archdesc > prefercite > p","tamwag/pe_040.xml",6
"ead > archdesc > prefercite > p","tamwag/pe_042.xml",6
"ead > archdesc > prefercite > p","tamwag/pe_043.xml",6
"ead > archdesc > prefercite > p","tamwag/pe_044.xml",6
"ead > archdesc > prefercite > p","tamwag/pe_045.xml",2
"ead > archdesc > prefercite > p","tamwag/pe_046.xml",2
"ead > archdesc > prefercite > p","tamwag/photos_007.xml",6
"ead > archdesc > prefercite > p","tamwag/photos_008.xml",6
"ead > archdesc > prefercite > p","tamwag/photos_022.xml",6
"ead > archdesc > prefercite > p","tamwag/photos_023.xml",6
"ead > archdesc > prefercite > p","tamwag/photos_038.xml",6
"ead > archdesc > prefercite > p","tamwag/photos_039.xml",6
"ead > archdesc > prefercite > p","tamwag/photos_041.xml",6
"ead > archdesc > prefercite > p","tamwag/photos_043.xml",6
"ead > archdesc > prefercite > p","tamwag/photos_046.xml",6
"ead > archdesc > prefercite > p","tamwag/photos_047.xml",6
"ead > archdesc > prefercite > p","tamwag/photos_049.xml",6
"ead > archdesc > prefercite > p","tamwag/photos_055.xml",6
"ead > archdesc > prefercite > p","tamwag/photos_059.xml",6
"ead > archdesc > prefercite > p","tamwag/photos_063.xml",6
"ead > archdesc > prefercite > p","tamwag/photos_066.xml",6
"ead > archdesc > prefercite > p","tamwag/photos_067.xml",6
"ead > archdesc > prefercite > p","tamwag/photos_080.xml",6
"ead > archdesc > prefercite > p","tamwag/photos_086.xml",2
"ead > archdesc > prefercite > p","tamwag/photos_091.xml",6
"ead > archdesc > prefercite > p","tamwag/photos_120.xml",6
"ead > archdesc > prefercite > p","tamwag/photos_155.xml",6
"ead > archdesc > prefercite > p","tamwag/photos_212.xml",6
"ead > archdesc > prefercite > p","tamwag/photos_221.xml",6
"ead > archdesc > prefercite > p","tamwag/photos_223.xml",2
"ead > archdesc > prefercite > p","tamwag/photos_240.xml",6
"ead > archdesc > prefercite > p","tamwag/photos_265.xml",6
"ead > archdesc > prefercite > p","tamwag/tam_001.xml",6
"ead > archdesc > prefercite > p","tamwag/tam_002.xml",6
"ead > archdesc > prefercite > p","tamwag/tam_003.xml",6
"ead > archdesc > prefercite > p","tamwag/tam_005.xml",6
"ead > archdesc > prefercite > p","tamwag/tam_006.xml",6
"ead > archdesc > prefercite > p","tamwag/tam_007_003.xml",6
"ead > archdesc > prefercite > p","tamwag/tam_007_005.xml",2
"ead > archdesc > prefercite > p","tamwag/tam_015.xml",6
"ead > archdesc > prefercite > p","tamwag/tam_030.xml",6
"ead > archdesc > prefercite > p","tamwag/tam_037.xml",6
"ead > archdesc > prefercite > p","tamwag/tam_040.xml",6
"ead > archdesc > prefercite > p","tamwag/tam_054.xml",6
"ead > archdesc > prefercite > p","tamwag/tam_056_002.xml",6
"ead > archdesc > prefercite > p","tamwag/tam_057.xml",6
"ead > archdesc > prefercite > p","tamwag/tam_058.xml",6
"ead > archdesc > prefercite > p","tamwag/tam_061.xml",6
"ead > archdesc > prefercite > p","tamwag/tam_062.xml",6
"ead > archdesc > prefercite > p","tamwag/tam_063.xml",6
"ead > archdesc > prefercite > p","tamwag/tam_064.xml",6
"ead > archdesc > prefercite > p","tamwag/tam_066.xml",6
"ead > archdesc > prefercite > p","tamwag/tam_067.xml",6
"ead > archdesc > prefercite > p","tamwag/tam_070.xml",6
"ead > archdesc > prefercite > p","tamwag/tam_072.xml",6
"ead > archdesc > prefercite > p","tamwag/tam_073.xml",6
"ead > archdesc > prefercite > p","tamwag/tam_076.xml",2
"ead > archdesc > prefercite > p","tamwag/tam_080.xml",6
"ead > archdesc > prefercite > p","tamwag/tam_088.xml",6
"ead > archdesc > prefercite > p","tamwag/tam_090.xml",6
"ead > archdesc > prefercite > p","tamwag/tam_093.xml",6
"ead > archdesc > prefercite > p","tamwag/tam_094.xml",6
"ead > archdesc > prefercite > p","tamwag/tam_099.xml",6
"ead > archdesc > prefercite > p","tamwag/tam_100.xml",2
"ead > archdesc > prefercite > p","tamwag/tam_102.xml",3
"ead > archdesc > prefercite > p","tamwag/tam_103.xml",6
"ead > archdesc > prefercite > p","tamwag/tam_107.xml",6
"ead > archdesc > prefercite > p","tamwag/tam_109.xml",6
"ead > archdesc > prefercite > p","tamwag/tam_110.xml",6
"ead > archdesc > prefercite > p","tamwag/tam_114.xml",6
"ead > archdesc > prefercite > p","tamwag/tam_117.xml",6
"ead > archdesc > prefercite > p","tamwag/tam_118.xml",6
"ead > archdesc > prefercite > p","tamwag/tam_122.xml",6
"ead > archdesc > prefercite > p","tamwag/tam_124.xml",6
"ead > archdesc > prefercite > p","tamwag/tam_129.xml",6
"ead > archdesc > prefercite > p","tamwag/tam_132.xml",2
"ead > archdesc > prefercite > p","tamwag/tam_133.xml",6
"ead > archdesc > prefercite > p","tamwag/tam_134.xml",6
"ead > archdesc > prefercite > p","tamwag/tam_135.xml",6
"ead > archdesc > prefercite > p","tamwag/tam_136.xml",2
"ead > archdesc > prefercite > p","tamwag/tam_137.xml",6
"ead > archdesc > prefercite > p","tamwag/tam_138.xml",6
"ead > archdesc > prefercite > p","tamwag/tam_140.xml",6
"ead > archdesc > prefercite > p","tamwag/tam_142.xml",1
"ead > archdesc > prefercite > p","tamwag/tam_146.xml",6
"ead > archdesc > prefercite > p","tamwag/tam_150.xml",6
"ead > archdesc > prefercite > p","tamwag/tam_152.xml",6
"ead > archdesc > prefercite > p","tamwag/tam_156.xml",6
"ead > archdesc > prefercite > p","tamwag/tam_159.xml",6
"ead > archdesc > prefercite > p","tamwag/tam_160.xml",6
"ead > archdesc > prefercite > p","tamwag/tam_162.xml",1
"ead > archdesc > prefercite > p","tamwag/tam_171.xml",6
"ead > archdesc > prefercite > p","tamwag/tam_173.xml",6
"ead > archdesc > prefercite > p","tamwag/tam_182.xml",6
"ead > archdesc > prefercite > p","tamwag/tam_183.xml",6
"ead > archdesc > prefercite > p","tamwag/tam_186.xml",6
"ead > archdesc > prefercite > p","tamwag/tam_188.xml",6
"ead > archdesc > prefercite > p","tamwag/tam_189.xml",6
"ead > archdesc > prefercite > p","tamwag/tam_191.xml",6
"ead > archdesc > prefercite > p","tamwag/tam_204.xml",6
"ead > archdesc > prefercite > p","tamwag/tam_205.xml",6
"ead > archdesc > prefercite > p","tamwag/tam_209.xml",6
"ead > archdesc > prefercite > p","tamwag/tam_218.xml",3
"ead > archdesc > prefercite > p","tamwag/tam_221.xml",6
"ead > archdesc > prefercite > p","tamwag/tam_227.xml",6
"ead > archdesc > prefercite > p","tamwag/tam_228.xml",6
"ead > archdesc > prefercite > p","tamwag/tam_232.xml",6
"ead > archdesc > prefercite > p","tamwag/tam_240.xml",6
"ead > archdesc > prefercite > p","tamwag/tam_241.xml",6
"ead > archdesc > prefercite > p","tamwag/tam_242.xml",2
"ead > archdesc > prefercite > p","tamwag/tam_245.xml",2
"ead > archdesc > prefercite > p","tamwag/tam_251.xml",6
"ead > archdesc > prefercite > p","tamwag/tam_270.xml",6
"ead > archdesc > prefercite > p","tamwag/tam_282.xml",6
"ead > archdesc > prefercite > p","tamwag/tam_283.xml",2
"ead > archdesc > prefercite > p","tamwag/tam_289.xml",6
"ead > archdesc > prefercite > p","tamwag/tam_307.xml",6
"ead > archdesc > prefercite > p","tamwag/tam_308.xml",6
"ead > archdesc > prefercite > p","tamwag/tam_314.xml",6
"ead > archdesc > prefercite > p","tamwag/tam_326.xml",6
"ead > archdesc > prefercite > p","tamwag/tam_330.xml",6
"ead > archdesc > prefercite > p","tamwag/tam_332.xml",6
"ead > archdesc > prefercite > p","tamwag/tam_337.xml",6
"ead > archdesc > prefercite > p","tamwag/tam_341.xml",6
"ead > archdesc > prefercite > p","tamwag/tam_348.xml",6
"ead > archdesc > prefercite > p","tamwag/tam_354.xml",6
"ead > archdesc > prefercite > p","tamwag/tam_355.xml",6
"ead > archdesc > prefercite > p","tamwag/tam_370.xml",6
"ead > archdesc > prefercite > p","tamwag/tam_374.xml",6
"ead > archdesc > prefercite > p","tamwag/tam_393.xml",2
"ead > archdesc > prefercite > p","tamwag/tam_394.xml",6
"ead > archdesc > prefercite > p","tamwag/tam_420.xml",6
"ead > archdesc > prefercite > p","tamwag/tam_421.xml",6
"ead > archdesc > prefercite > p","tamwag/tam_429.xml",6
"ead > archdesc > prefercite > p","tamwag/tam_444.xml",2
"ead > archdesc > prefercite > p","tamwag/tam_509.xml",6
"ead > archdesc > prefercite > p","tamwag/tam_520.xml",6
"ead > archdesc > prefercite > p","tamwag/tam_527.xml",2
"ead > archdesc > prefercite > p","tamwag/tam_534.xml",1
"ead > archdesc > prefercite > p","tamwag/tam_542.xml",2
"ead > archdesc > prefercite > p","tamwag/tam_615.xml",2
"ead > archdesc > prefercite > p","tamwag/tam_645.xml",1
"ead > archdesc > prefercite > p","tamwag/wag_002.xml",6
"ead > archdesc > prefercite > p","tamwag/wag_004.xml",6
"ead > archdesc > prefercite > p","tamwag/wag_005.xml",6
"ead > archdesc > prefercite > p","tamwag/wag_006.xml",6
"ead > archdesc > prefercite > p","tamwag/wag_006_001.xml",6
"ead > archdesc > prefercite > p","tamwag/wag_007.xml",2
"ead > archdesc > prefercite > p","tamwag/wag_008.xml",2
"ead > archdesc > prefercite > p","tamwag/wag_010.xml",6
"ead > archdesc > prefercite > p","tamwag/wag_012.xml",6
"ead > archdesc > prefercite > p","tamwag/wag_013.xml",6
"ead > archdesc > prefercite > p","tamwag/wag_016.xml",2
"ead > archdesc > prefercite > p","tamwag/wag_021.xml",6
"ead > archdesc > prefercite > p","tamwag/wag_024.xml",6
"ead > archdesc > prefercite > p","tamwag/wag_025_001.xml",6
"ead > archdesc > prefercite > p","tamwag/wag_025_002.xml",6
"ead > archdesc > prefercite > p","tamwag/wag_025_003.xml",1
"ead > archdesc > prefercite > p","tamwag/wag_027.xml",6
"ead > archdesc > prefercite > p","tamwag/wag_030.xml",2
"ead > archdesc > prefercite > p","tamwag/wag_037.xml",6
"ead > archdesc > prefercite > p","tamwag/wag_044.xml",6
"ead > archdesc > prefercite > p","tamwag/wag_049.xml",1
"ead > archdesc > prefercite > p","tamwag/wag_053.xml",6
"ead > archdesc > prefercite > p","tamwag/wag_055.xml",6
"ead > archdesc > prefercite > p","tamwag/wag_062.xml",6
"ead > archdesc > prefercite > p","tamwag/wag_063.xml",6
"ead > archdesc > prefercite > p","tamwag/wag_065.xml",2
"ead > archdesc > prefercite > p","tamwag/wag_066.xml",2
"ead > archdesc > prefercite > p","tamwag/wag_069.xml",6
"ead > archdesc > prefercite > p","tamwag/wag_073.xml",6
"ead > archdesc > prefercite > p","tamwag/wag_075.xml",6
"ead > archdesc > prefercite > p","tamwag/wag_076.xml",6
"ead > archdesc > prefercite > p","tamwag/wag_078.xml",6
"ead > archdesc > prefercite > p","tamwag/wag_085.xml",6
"ead > archdesc > prefercite > p","tamwag/wag_092.xml",2
"ead > archdesc > prefercite > p","tamwag/wag_093.xml",6
"ead > archdesc > prefercite > p","tamwag/wag_101.xml",6
"ead > archdesc > prefercite > p","tamwag/wag_102.xml",6
"ead > archdesc > prefercite > p","tamwag/wag_105.xml",6
"ead > archdesc > prefercite > p","tamwag/wag_106.xml",6
"ead > archdesc > prefercite > p","tamwag/wag_107.xml",6
"ead > archdesc > prefercite > p","tamwag/wag_108.xml",6
"ead > archdesc > prefercite > p","tamwag/wag_110.xml",2
"ead > archdesc > prefercite > p","tamwag/wag_116.xml",6
"ead > archdesc > prefercite > p","tamwag/wag_117.xml",6
"ead > archdesc > prefercite > p","tamwag/wag_123.xml",2
"ead > archdesc > prefercite > p","tamwag/wag_124_001.xml",6
"ead > archdesc > prefercite > p","tamwag/wag_125.xml",2
"ead > archdesc > prefercite > p","tamwag/wag_127.xml",6
"ead > archdesc > prefercite > p","tamwag/wag_132.xml",6
"ead > archdesc > prefercite > p","tamwag/wag_135.xml",6
"ead > archdesc > prefercite > p","tamwag/wag_136.xml",6
"ead > archdesc > prefercite > p","tamwag/wag_138.xml",6
"ead > archdesc > prefercite > p","tamwag/wag_139.xml",6
"ead > archdesc > prefercite > p","tamwag/wag_142.xml",6
"ead > archdesc > prefercite > p","tamwag/wag_148.xml",2
"ead > archdesc > prefercite > p","tamwag/wag_149.xml",6
"ead > archdesc > prefercite > p","tamwag/wag_170.xml",1
"ead > archdesc > prefercite > p","tamwag/wag_185.xml",2
"ead > archdesc > prefercite > p","tamwag/wag_191.xml",6
"ead > archdesc > prefercite > p","tamwag/wag_194.xml",6
"ead > archdesc > prefercite > p","tamwag/wag_197.xml",6
"ead > archdesc > prefercite > p","tamwag/wag_200.xml",6
"ead > archdesc > prefercite > p","tamwag/wag_203.xml",6
"ead > archdesc > prefercite > p","tamwag/wag_215.xml",6
"ead > archdesc > prefercite > p","tamwag/wag_216.xml",1
"ead > archdesc > prefercite > p","tamwag/wag_228.xml",6
"ead > archdesc > prefercite > p","tamwag/wag_229.xml",6
"ead > archdesc > prefercite > p","tamwag/wag_232.xml",6
"ead > archdesc > prefercite > p","tamwag/wag_234.xml",6
"ead > archdesc > prefercite > p","tamwag/wag_235.xml",6
"ead > archdesc > prefercite > p","tamwag/wag_238.xml",2
"ead > archdesc > prefercite > p","tamwag/wag_240.xml",2
"ead > archdesc > prefercite > p","tamwag/wag_244.xml",6
"ead > archdesc > prefercite > p","tamwag/wag_245.xml",6
"ead > archdesc > prefercite > p","tamwag/wag_255.xml",2
"ead > archdesc > prefercite > p","tamwag/wag_256.xml",6
"ead > archdesc > prefercite > p","tamwag/wag_257.xml",6
"ead > archdesc > prefercite > p","tamwag/wag_258.xml",2
"ead > archdesc > prefercite > p","tamwag/wag_259.xml",6
"ead > archdesc > prefercite > p","tamwag/wag_262.xml",2
"ead > archdesc > prefercite > p","tamwag/wag_271.xml",1
"ead > archdesc > prefercite > p","tamwag/wag_298.xml",6
"ead > archdesc > prefercite > p","tamwag/wag_326.xml",2
"ead > archdesc > prefercite > p","tamwag/wag_331.xml",6
"ead > archdesc > prefercite > p > address > addressline","archives/rg_11_4.xml",3
"ead > archdesc > prefercite > p > address > addressline","archives/rg_18_0_1.xml",3
"ead > archdesc > prefercite > p > address > addressline","archives/rg_26_0_1.xml",3
"ead > archdesc > prefercite > p > address > addressline","fales/mss_138.xml",1
"ead > archdesc > processinfo > p","archives/mc_230.xml",6
"ead > archdesc > processinfo > p","archives/mc_334.xml",4
"ead > archdesc > processinfo > p","archives/rg_3_0_10.xml",8
"ead > archdesc > processinfo > p","archives/rg_9_8.xml",10
"ead > archdesc > processinfo > p","fales/mss_198.xml",6
"ead > archdesc > processinfo > p","fales/mss_240.xml",2
"ead > archdesc > processinfo > p","fales/mss_361.xml",5
"ead > archdesc > processinfo > p","fales/mss_420.xml",2
"ead > archdesc > processinfo > p","fales/mss_429.xml",6
"ead > archdesc > processinfo > p","fales/mss_439.xml",12
"ead > archdesc > processinfo > p","fales/mss_467.xml",4
"ead > archdesc > processinfo > p","fales/mss_570.xml",7
"ead > archdesc > processinfo > p","fales/mss_590.xml",4
"ead > archdesc > processinfo > p","fales/mss_594.xml",6
"ead > archdesc > processinfo > p","nyhs/ms3033_horticultural.xml",12
"ead > archdesc > processinfo > p","nyhs/ms71_luther_bradish.xml",1
"ead > archdesc > processinfo > p","tamwag/tam_132.xml",22
"ead > archdesc > processinfo > p","tamwag/tam_179.xml",6
"ead > archdesc > processinfo > p","tamwag/tam_347.xml",6
"ead > archdesc > processinfo > p","tamwag/wag_354.xml",4
"ead > archdesc > relatedmaterial > p","archives/mc_230.xml",6
"ead > archdesc > relatedmaterial > p","archives/rg_7_4.xml",4
"ead > archdesc > relatedmaterial > p","archives/rism_rg_6.xml",4
"ead > archdesc > relatedmaterial > p","archives/rism_rg_9.xml",6
"ead > archdesc > relatedmaterial > p","fales/mss_092.xml",1
"ead > archdesc > relatedmaterial > p","fales/mss_177.xml",1
"ead > archdesc > relatedmaterial > p","fales/mss_287.xml",1
"ead > archdesc > relatedmaterial > p","fales/mss_380.xml",6
"ead > archdesc > relatedmaterial > p","fales/mss_433.xml",1
"ead > archdesc > relatedmaterial > p","fales/mss_436.xml",3
"ead > archdesc > relatedmaterial > p","nyhs/ms111_childrens_aid_society.xml",10
"ead > archdesc > relatedmaterial > p","nyhs/ms1130_cooper_hewitt.xml",7
"ead > archdesc > relatedmaterial > p","nyhs/ms116_city_club.xml",7
"ead > archdesc > relatedmaterial > p","nyhs/ms124_coe_brown_family.xml",8
"ead > archdesc > relatedmaterial > p","nyhs/ms171_dodd_mead.xml",3
"ead > archdesc > relatedmaterial > p","nyhs/ms222_george_folsom.xml",7
"ead > archdesc > relatedmaterial > p","nyhs/ms240_horatio_gates.xml",4
"ead > archdesc > relatedmaterial > p","nyhs/ms248_giles_family.xml",8
"ead > archdesc > relatedmaterial > p","nyhs/ms3029_vincenzo_beltrone.xml",3
"ead > archdesc > relatedmaterial > p","nyhs/ms3068_sharman.xml",2
"ead > archdesc > relatedmaterial > p","nyhs/ms306_jacob_harvey_family.xml",4
"ead > archdesc > relatedmaterial > p","nyhs/ms3126_hanna.xml",4
"ead > archdesc > relatedmaterial > p","nyhs/ms3180_record_of_wills.xml",2
"ead > archdesc > relatedmaterial > p","nyhs/ms3181_steinway.xml",2
"ead > archdesc > relatedmaterial > p","nyhs/ms362_martha_lamb.xml",3
"ead > archdesc > relatedmaterial > p","nyhs/ms383_morgan_lewis.xml",14
"ead > archdesc > relatedmaterial > p","nyhs/ms592_ebenezer_stevens.xml",4
"ead > archdesc > relatedmaterial > p","nyhs/pr052_portrait_collection.xml",17
"ead > archdesc > relatedmaterial > p","nyhs/pr142_durr_print.xml",2
"ead > archdesc > relatedmaterial > p","nyhs/pr337_dale_jenkins_postcards.xml",1
"ead > archdesc > relatedmaterial > p","tamwag/aia_045.xml",1
"ead > archdesc > relatedmaterial > p","tamwag/alba_245.xml",4
"ead > archdesc > relatedmaterial > p","tamwag/periodicals_001.xml",6
"ead > archdesc > relatedmaterial > p","tamwag/photos_011.xml",4
"ead > archdesc > relatedmaterial > p","tamwag/photos_048.xml",11
"ead > archdesc > relatedmaterial > p","tamwag/photos_086.xml",6
"ead > archdesc > relatedmaterial > p","tamwag/photos_093.xml",1
"ead > archdesc > relatedmaterial > p","tamwag/photos_114.xml",2
"ead > archdesc > relatedmaterial > p","tamwag/photos_187.xml",5
"ead > archdesc > relatedmaterial > p","tamwag/photos_194.xml",1
"ead > archdesc > relatedmaterial > p","tamwag/photos_223.xml",7
"ead > archdesc > relatedmaterial > p","tamwag/photos_223_001.xml",5
"ead > archdesc > relatedmaterial > p","tamwag/photos_258.xml",2
"ead > archdesc > relatedmaterial > p","tamwag/photos_263.xml",4
"ead > archdesc > relatedmaterial > p","tamwag/tam_049.xml",1
"ead > archdesc > relatedmaterial > p","tamwag/tam_086.xml",2
"ead > archdesc > relatedmaterial > p","tamwag/tam_125.xml",10
"ead > archdesc > relatedmaterial > p","tamwag/tam_132.xml",10
"ead > archdesc > relatedmaterial > p","tamwag/tam_139.xml",1
"ead > archdesc > relatedmaterial > p","tamwag/tam_141.xml",7
"ead > archdesc > relatedmaterial > p","tamwag/tam_145.xml",2
"ead > archdesc > relatedmaterial > p","tamwag/tam_154.xml",2
"ead > archdesc > relatedmaterial > p","tamwag/tam_174.xml",3
"ead > archdesc > relatedmaterial > p","tamwag/tam_176.xml",2
"ead > archdesc > relatedmaterial > p","tamwag/tam_185.xml",1
"ead > archdesc > relatedmaterial > p","tamwag/tam_255.xml",2
"ead > archdesc > relatedmaterial > p","tamwag/tam_277.xml",2
"ead > archdesc > relatedmaterial > p","tamwag/tam_320.xml",1
"ead > archdesc > relatedmaterial > p","tamwag/tam_359.xml",7
"ead > archdesc > relatedmaterial > p","tamwag/tam_368.xml",2
"ead > archdesc > relatedmaterial > p","tamwag/tam_388.xml",1
"ead > archdesc > relatedmaterial > p","tamwag/tam_398.xml",12
"ead > archdesc > relatedmaterial > p","tamwag/tam_501.xml",7
"ead > archdesc > relatedmaterial > p","tamwag/tam_620.xml",5
"ead > archdesc > relatedmaterial > p","tamwag/tam_626.xml",1
"ead > archdesc > relatedmaterial > p","tamwag/wag_009.xml",5
"ead > archdesc > relatedmaterial > p","tamwag/wag_011.xml",2
"ead > archdesc > relatedmaterial > p","tamwag/wag_025_003.xml",20
"ead > archdesc > relatedmaterial > p","tamwag/wag_036.xml",3
"ead > archdesc > relatedmaterial > p","tamwag/wag_042.xml",3
"ead > archdesc > relatedmaterial > p","tamwag/wag_049.xml",2
"ead > archdesc > relatedmaterial > p","tamwag/wag_087.xml",5
"ead > archdesc > relatedmaterial > p","tamwag/wag_089.xml",4
"ead > archdesc > relatedmaterial > p","tamwag/wag_091.xml",1
"ead > archdesc > relatedmaterial > p","tamwag/wag_099.xml",3
"ead > archdesc > relatedmaterial > p","tamwag/wag_125.xml",5
"ead > archdesc > relatedmaterial > p","tamwag/wag_129.xml",10
"ead > archdesc > relatedmaterial > p","tamwag/wag_170.xml",3
"ead > archdesc > relatedmaterial > p","tamwag/wag_179.xml",4
"ead > archdesc > relatedmaterial > p","tamwag/wag_182.xml",4
"ead > archdesc > relatedmaterial > p","tamwag/wag_188.xml",5
"ead > archdesc > relatedmaterial > p","tamwag/wag_192.xml",2
"ead > archdesc > relatedmaterial > p","tamwag/wag_255.xml",5
"ead > archdesc > relatedmaterial > p","tamwag/wag_319.xml",3
"ead > archdesc > relatedmaterial > p","tamwag/wag_326.xml",8
"ead > archdesc > relatedmaterial > p","tamwag/web_arc_001.xml",3
"ead > archdesc > relatedmaterial > p","tamwag/web_arc_002.xml",3
"ead > archdesc > relatedmaterial > p","tamwag/web_arc_003.xml",3
"ead > archdesc > scopecontent > p","archives/mc_334.xml",2
"ead > archdesc > scopecontent > p","archives/rg_18_0_2.xml",2
"ead > archdesc > scopecontent > p","archives/rg_1_1.xml",15
"ead > archdesc > scopecontent > p","archives/rg_3_0_10.xml",4
"ead > archdesc > scopecontent > p","archives/rg_9_8.xml",4
"ead > archdesc > scopecontent > p","fales/mss_041.xml",2
"ead > archdesc > scopecontent > p","fales/mss_043.xml",4
"ead > archdesc > scopecontent > p","fales/mss_047.xml",6
"ead > archdesc > scopecontent > p","fales/mss_057.xml",13
"ead > archdesc > scopecontent > p","fales/mss_122.xml",6
"ead > archdesc > scopecontent > p","fales/mss_126.xml",2
"ead > archdesc > scopecontent > p","fales/mss_134.xml",2
"ead > archdesc > scopecontent > p","fales/mss_142.xml",6
"ead > archdesc > scopecontent > p","fales/mss_190.xml",7
"ead > archdesc > scopecontent > p","fales/mss_202.xml",21
"ead > archdesc > scopecontent > p","fales/mss_220.xml",19
"ead > archdesc > scopecontent > p","fales/mss_232.xml",25
"ead > archdesc > scopecontent > p","fales/mss_251.xml",3
"ead > archdesc > scopecontent > p","fales/mss_263.xml",13
"ead > archdesc > scopecontent > p","fales/mss_281.xml",8
"ead > archdesc > scopecontent > p","fales/mss_289.xml",8
"ead > archdesc > scopecontent > p","fales/mss_293.xml",2
"ead > archdesc > scopecontent > p","fales/mss_298.xml",63
"ead > archdesc > scopecontent > p","fales/mss_354.xml",9
"ead > archdesc > scopecontent > p","fales/mss_355.xml",9
"ead > archdesc > scopecontent > p","fales/mss_361.xml",1
"ead > archdesc > scopecontent > p","fales/mss_381.xml",6
"ead > archdesc > scopecontent > p","fales/mss_425.xml",2
"ead > archdesc > scopecontent > p","fales/mss_439.xml",8
"ead > archdesc > scopecontent > p","fales/mss_467.xml",10
"ead > archdesc > scopecontent > p","fales/mss_590.xml",4
"ead > archdesc > scopecontent > p","fales/mss_594.xml",6
"ead > archdesc > scopecontent > p","fales/mss_630.xml",4
"ead > archdesc > scopecontent > p","nyhs/ms142_peter_curtenius.xml",8
"ead > archdesc > scopecontent > p","nyhs/ms173_thomas_dolan_telegraphs.xml",84
"ead > archdesc > scopecontent > p","nyhs/ms2999_rentschler.xml",6
"ead > archdesc > scopecontent > p","nyhs/ms3029_vincenzo_beltrone.xml",5
"ead > archdesc > scopecontent > p","nyhs/ms3033_horticultural.xml",9
"ead > archdesc > scopecontent > p","nyhs/ms3034_holland_dames.xml",1
"ead > archdesc > scopecontent > p","nyhs/ms3042_ethical_culture_fieldston.xml",16
"ead > archdesc > scopecontent > p","nyhs/ms3078_dumpson.xml",18
"ead > archdesc > scopecontent > p","nyhs/ms3085_9threg.xml",1
"ead > archdesc > scopecontent > p","nyhs/ms3128_lynne_sagalyn.xml",407
"ead > archdesc > scopecontent > p","nyhs/ms3134_ron_spadafora.xml",51
"ead > archdesc > scopecontent > p","nyhs/ms3151_four_seasons.xml",12
"ead > archdesc > scopecontent > p","nyhs/ms3158_scrapbook_collection.xml",39
"ead > archdesc > scopecontent > p","nyhs/ms3180_record_of_wills.xml",2
"ead > archdesc > scopecontent > p","nyhs/ms3212_p_adem_carroll.xml",6
"ead > archdesc > scopecontent > p","nyhs/ms3222_fontana_vincent.xml",14
"ead > archdesc > scopecontent > p","nyhs/ms71_luther_bradish.xml",9
"ead > archdesc > scopecontent > p","nyhs/pr011_carte_de_visite.xml",12
"ead > archdesc > scopecontent > p","nyhs/pr032_lawrence.xml",2
"ead > archdesc > scopecontent > p","nyhs/pr052_portrait_collection.xml",19
"ead > archdesc > scopecontent > p","nyhs/pr071_trappan.xml",20
"ead > archdesc > scopecontent > p","nyhs/pr080_clarke_rapuano.xml",10
"ead > archdesc > scopecontent > p","nyhs/pr104_theatrical_portrait_collection.xml",30
"ead > archdesc > scopecontent > p","nyhs/pr142_durr_print.xml",4
"ead > archdesc > scopecontent > p","nyhs/pr143_bryan_gallery.xml",6
"ead > archdesc > scopecontent > p","nyhs/pr219_johnston.xml",2
"ead > archdesc > scopecontent > p","nyhs/pr325_kalinsky.xml",20
"ead > archdesc > scopecontent > p","nyhs/pr358_illo.xml",5
"ead > archdesc > scopecontent > p","nyhs/pr375_chapman_old_west.xml",54
"ead > archdesc > scopecontent > p","nyhs/pr393_cumming_cecil.xml",16
"ead > archdesc > scopecontent > p","nyhs/pr414_anderson_wall_street.xml",32
"ead > archdesc > scopecontent > p","nyhs/pr427_joseph_squillante.xml",7
"ead > archdesc > scopecontent > p","nyhs/pr462_addiss_rorke.xml",19
"ead > archdesc > scopecontent > p","tamwag/photos_021.xml",329
"ead > archdesc > scopecontent > p","tamwag/photos_067.xml",171
"ead > archdesc > scopecontent > p","tamwag/photos_120.xml",41
"ead > archdesc > scopecontent > p","tamwag/tam_359.xml",2
"ead > archdesc > scopecontent > p","tamwag/wag_010.xml",1
"ead > archdesc > scopecontent > p","tamwag/wag_354.xml",10
"ead > archdesc > scopecontent > p > list > item","fales/mss_273.xml",4
"ead > archdesc > separatedmaterial > p","archives/mc_334.xml",2
"ead > archdesc > separatedmaterial > p","fales/mss_036.xml",80
"ead > archdesc > separatedmaterial > p","fales/mss_122.xml",7
"ead > archdesc > separatedmaterial > p","fales/mss_141.xml",107
"ead > archdesc > separatedmaterial > p","fales/mss_190.xml",6
"ead > archdesc > separatedmaterial > p","fales/mss_240.xml",1
"ead > archdesc > separatedmaterial > p","fales/mss_269.xml",4
"ead > archdesc > separatedmaterial > p","nyhs/ms201_erasmus_hall.xml",4
"ead > archdesc > separatedmaterial > p","nyhs/ms207_charles_helen_fairchild.xml",6
"ead > archdesc > separatedmaterial > p","nyhs/ms362_martha_lamb.xml",1
"ead > archdesc > separatedmaterial > p","nyhs/ms594_stewart.xml",2
"ead > archdesc > separatedmaterial > p","nyhs/pr058_printmaker_file.xml",14
"ead > archdesc > separatedmaterial > p","tamwag/tam_134.xml",9
"ead > archdesc > separatedmaterial > p","tamwag/tam_139.xml",1
"ead > archdesc > separatedmaterial > p","tamwag/wag_025_003.xml",2
"ead > archdesc > separatedmaterial > p > list > item","archives/rism_rg_18.xml",44
"ead > archdesc > userestrict > p","archives/mc_1.xml",8
"ead > archdesc > userestrict > p","archives/mc_113.xml",8
"ead > archdesc > userestrict > p","archives/mc_125.xml",1
"ead > archdesc > userestrict > p","archives/mc_132.xml",8
"ead > archdesc > userestrict > p","archives/mc_140.xml",8
"ead > archdesc > userestrict > p","archives/mc_141.xml",1
"ead > archdesc > userestrict > p","archives/mc_158.xml",8
"ead > archdesc > userestrict > p","archives/mc_16.xml",1
"ead > archdesc > userestrict > p","archives/mc_160.xml",8
"ead > archdesc > userestrict > p","archives/mc_162.xml",8
"ead > archdesc > userestrict > p","archives/mc_163.xml",8
"ead > archdesc > userestrict > p","archives/mc_173.xml",1
"ead > archdesc > userestrict > p","archives/mc_175.xml",8
"ead > archdesc > userestrict > p","archives/mc_177.xml",8
"ead > archdesc > userestrict > p","archives/mc_2.xml",1
"ead > archdesc > userestrict > p","archives/mc_20.xml",8
"ead > archdesc > userestrict > p","archives/mc_206.xml",1
"ead > archdesc > userestrict > p","archives/mc_207.xml",1
"ead > archdesc > userestrict > p","archives/mc_209.xml",8
"ead > archdesc > userestrict > p","archives/mc_210.xml",1
"ead > archdesc > userestrict > p","archives/mc_250.xml",8
"ead > archdesc > userestrict > p","archives/mc_8.xml",8
"ead > archdesc > userestrict > p","archives/mc_9.xml",8
"ead > archdesc > userestrict > p","archives/mc_97.xml",8
"ead > archdesc > userestrict > p","archives/mc_99.xml",7
"ead > archdesc > userestrict > p","archives/rg_10.xml",8
"ead > archdesc > userestrict > p","archives/rg_10_2.xml",8
"ead > archdesc > userestrict > p","archives/rg_12_11.xml",1
"ead > archdesc > userestrict > p","archives/rg_13_1.xml",1
"ead > archdesc > userestrict > p","archives/rg_15_14.xml",8
"ead > archdesc > userestrict > p","archives/rg_15_5.xml",1
"ead > archdesc > userestrict > p","archives/rg_18_0_1.xml",1
"ead > archdesc > userestrict > p","archives/rg_18_0_2.xml",1
"ead > archdesc > userestrict > p","archives/rg_19_0_1.xml",8
"ead > archdesc > userestrict > p","archives/rg_20.xml",1
"ead > archdesc > userestrict > p","archives/rg_20_3.xml",8
"ead > archdesc > userestrict > p","archives/rg_21_0.xml",8
"ead > archdesc > userestrict > p","archives/rg_21_1.xml",1
"ead > archdesc > userestrict > p","archives/rg_22_1.xml",8
"ead > archdesc > userestrict > p","archives/rg_26_0_1.xml",1
"ead > archdesc > userestrict > p","archives/rg_26_0_1_1.xml",8
"ead > archdesc > userestrict > p","archives/rg_26_25.xml",1
"ead > archdesc > userestrict > p","archives/rg_32_8.xml",8
"ead > archdesc > userestrict > p","archives/rg_35.xml",8
"ead > archdesc > userestrict > p","archives/rg_35_1.xml",8
"ead > archdesc > userestrict > p","archives/rg_35_2.xml",8
"ead > archdesc > userestrict > p","archives/rg_37_18.xml",8
"ead > archdesc > userestrict > p","archives/rg_38_0.xml",1
"ead > archdesc > userestrict > p","archives/rg_39_1.xml",7
"ead > archdesc > userestrict > p","archives/rg_39_175.xml",1
"ead > archdesc > userestrict > p","archives/rg_39_3.xml",1
"ead > archdesc > userestrict > p","archives/rg_3_0_1.xml",8
"ead > archdesc > userestrict > p","archives/rg_3_0_6.xml",1
"ead > archdesc > userestrict > p","archives/rg_3_1.xml",8
"ead > archdesc > userestrict > p","archives/rg_3_4.xml",1
"ead > archdesc > userestrict > p","archives/rg_6_0.xml",8
"ead > archdesc > userestrict > p","archives/rg_6_0_7.xml",8
"ead > archdesc > userestrict > p","archives/rg_6_1.xml",1
"ead > archdesc > userestrict > p","archives/rg_7_2.xml",8
"ead > archdesc > userestrict > p","archives/rg_7_2_1.xml",8
"ead > archdesc > userestrict > p","archives/rg_7_3_1.xml",8
"ead > archdesc > userestrict > p","archives/rg_8_0_4.xml",8
"ead > archdesc > userestrict > p","archives/rg_9_5.xml",8
"ead > archdesc > userestrict > p","archives/rg_9_7.xml",1
"ead > archdesc > userestrict > p","archives/rg_9_8.xml",2
"ead > archdesc > userestrict > p","archives/rism_rg_10.xml",7
"ead > archdesc > userestrict > p","archives/rism_rg_11.xml",1
"ead > archdesc > userestrict > p","archives/rism_rg_12.xml",1
"ead > archdesc > userestrict > p","archives/rism_rg_15.xml",7
"ead > archdesc > userestrict > p","archives/rism_rg_16_j.xml",1
"ead > archdesc > userestrict > p","archives/rism_rg_18.xml",1
"ead > archdesc > userestrict > p","archives/rism_rg_3.xml",1
"ead > archdesc > userestrict > p","archives/rism_rg_5.xml",1
"ead > archdesc > userestrict > p","fales/mss_070.xml",2
"ead > archdesc > userestrict > p","nyhs/ms104_causeries_du_lundi.xml",5
"ead > archdesc > userestrict > p","nyhs/ms111_childrens_aid_society.xml",5
"ead > archdesc > userestrict > p","nyhs/ms1988_new_york_indentures.xml",3
"ead > archdesc > userestrict > p","nyhs/ms2189_peter_a_frasse_co.xml",3
"ead > archdesc > userestrict > p","nyhs/ms235_frey_family.xml",3
"ead > archdesc > userestrict > p","nyhs/ms242_william_geils.xml",3
"ead > archdesc > userestrict > p","nyhs/ms248_giles_family.xml",3
"ead > archdesc > userestrict > p","nyhs/ms249_samuel_gilford.xml",3
"ead > archdesc > userestrict > p","nyhs/ms263_green_mitchell.xml",3
"ead > archdesc > userestrict > p","nyhs/ms264_andrew_haswell_green.xml",3
"ead > archdesc > userestrict > p","nyhs/ms277_hare_family.xml",3
"ead > archdesc > userestrict > p","nyhs/ms282_harmonie_club.xml",3
"ead > archdesc > userestrict > p","nyhs/ms2999_rentschler.xml",4
"ead > archdesc > userestrict > p","nyhs/ms3078_dumpson.xml",2
"ead > archdesc > userestrict > p","nyhs/ms3127_hart_budd_nestell.xml",7
"ead > archdesc > userestrict > p","nyhs/ms3151_four_seasons.xml",9
"ead > archdesc > userestrict > p","nyhs/ms316_robert_hunter.xml",3
"ead > archdesc > userestrict > p","nyhs/ms322_indigeneous_peoples_america_collection.xml",3
"ead > archdesc > userestrict > p","nyhs/ms335_emma_juliand.xml",3
"ead > archdesc > userestrict > p","nyhs/ms341_kellogg_family.xml",3
"ead > archdesc > userestrict > p","nyhs/ms346_keppler_family.xml",3
"ead > archdesc > userestrict > p","nyhs/ms347_foundling_hospital.xml",5
"ead > archdesc > userestrict > p","nyhs/ms354_henry_theo_kitson.xml",3
"ead > archdesc > userestrict > p","nyhs/ms359_ladies_christian_union.xml",3
"ead > archdesc > userestrict > p","nyhs/ms365_leonard_larsen.xml",3
"ead > archdesc > userestrict > p","nyhs/ms381_leverich_family.xml",3
"ead > archdesc > userestrict > p","nyhs/ms382_florence_nightingale_levy.xml",3
"ead > archdesc > userestrict > p","nyhs/ms383_morgan_lewis.xml",3
"ead > archdesc > userestrict > p","nyhs/ms389_fred_lockley.xml",3
"ead > archdesc > userestrict > p","nyhs/ms392_1_nicholas_low.xml",3
"ead > archdesc > userestrict > p","nyhs/ms393_dewayne_lundgren.xml",3
"ead > archdesc > userestrict > p","nyhs/ms399_stevenson_macwhinney.xml",3
"ead > archdesc > userestrict > p","nyhs/ms439_17_gustavus_vasa_fox.xml",3
"ead > archdesc > userestrict > p","nyhs/ms439_21_caspar_goodrich.xml",3
"ead > archdesc > userestrict > p","nyhs/pr019_arnold_genthe.xml",3
"ead > archdesc > userestrict > p","nyhs/pr024_george_hall_son.xml",3
"ead > archdesc > userestrict > p","nyhs/pr025_henry_havemeyer_statesmen.xml",1
"ead > archdesc > userestrict > p","nyhs/pr026_mattie_hewitt_richard_smith.xml",3
"ead > archdesc > userestrict > p","nyhs/pr027_hyde_allegorical_prints_continents.xml",1
"ead > archdesc > userestrict > p","nyhs/pr030_theron_kilmer.xml",1
"ead > archdesc > userestrict > p","nyhs/pr037_william_light.xml",1
"ead > archdesc > userestrict > p","nyhs/pr038_lighthouse_photographs.xml",3
"ead > archdesc > userestrict > p","nyhs/pr040_john_mccomb_drawings.xml",5
"ead > archdesc > userestrict > p","nyhs/pr041_burr_mcintosh.xml",6
"ead > archdesc > userestrict > p","nyhs/pr043_mclaughlin_air_service_photos.xml",1
"ead > archdesc > userestrict > p","nyhs/pr048_alexander_hatos.xml",1
"ead > archdesc > userestrict > p","nyhs/pr070_lantern_slides_collection.xml",1
"ead > archdesc > userestrict > p","nyhs/pr082_charles_gilbert_hine.xml",3
"ead > archdesc > userestrict > p","nyhs/pr086_samuel_hollyer_old_new_york.xml",1
"ead > archdesc > userestrict > p","nyhs/pr096_edwin_martin.xml",1
"ead > archdesc > userestrict > p","nyhs/pr097_arthur_grumbine.xml",3
"ead > archdesc > userestrict > p","nyhs/pr103_alexander_morgan_hamilton_family.xml",3
"ead > archdesc > userestrict > p","nyhs/pr121_mabel_lathrop_harper.xml",3
"ead > archdesc > userestrict > p","nyhs/pr135_jennings_family.xml",1
"ead > archdesc > userestrict > p","nyhs/pr138_eugene_livingston_family.xml",1
"ead > archdesc > userestrict > p","nyhs/pr144_pictorial_lettersheet.xml",3
"ead > archdesc > userestrict > p","nyhs/pr148_raymond_hood.xml",1
"ead > archdesc > userestrict > p","nyhs/pr149_bella_landauer_writings_reference.xml",4
"ead > archdesc > userestrict > p","nyhs/pr194_morris_huberland.xml",5
"ead > archdesc > userestrict > p","nyhs/pr210_imperial_portrait_photos.xml",1
"ead > archdesc > userestrict > p","nyhs/pr215_robert_lester.xml",1
"ead > archdesc > userestrict > p","nyhs/pr217_john_hill_prints.xml",1
"ead > archdesc > userestrict > p","nyhs/pr256_daniel_huntington_study_portraits.xml",1
"ead > archdesc > userestrict > p","nyhs/pr257_manhattan_graphics_center_911.xml",1
"ead > archdesc > userestrict > p","nyhs/pr258_here_is_new_york.xml",1
"ead > archdesc > userestrict > p","nyhs/pr263_leo_hershkowitz_newspaper_illustrations.xml",5
"ead > archdesc > userestrict > p","nyhs/pr265_mcguigan_chapman_etchings.xml",1
"ead > archdesc > userestrict > p","nyhs/pr268_hudson_fulton_pictorial.xml",1
"ead > archdesc > userestrict > p","nyhs/pr269_carl_lobozza.xml",1
"ead > archdesc > userestrict > p","nyhs/pr292_howe_family.xml",5
"ead > archdesc > userestrict > p","nyhs/pr295_rebecca_lepkoff.xml",5
"ead > archdesc > userestrict > p","nyhs/pr297_jane_bannerman_travel.xml",5
"ead > archdesc > userestrict > p","nyhs/pr309_richard_gilbert_advertising.xml",5
"ead > archdesc > userestrict > p","nyhs/pr310_landmarks_new_york_exhibition.xml",5
"ead > archdesc > userestrict > p","nyhs/pr311_raymond_germann.xml",5
"ead > archdesc > userestrict > p","nyhs/pr315_clarence_jack_konheim.xml",5
"ead > archdesc > userestrict > p","nyhs/pr316_jack_margolin.xml",5
"ead > archdesc > userestrict > p","nyhs/pr393_cumming_cecil.xml",6
"ead > archdesc > userestrict > p","nyhs/pr400_wotherspoon.xml",6
"ead > archdesc > userestrict > p","tamwag/aia_012.xml",8
"ead > archdesc > userestrict > p","tamwag/aia_016.xml",8
"ead > archdesc > userestrict > p","tamwag/aia_035.xml",8
"ead > archdesc > userestrict > p","tamwag/aia_048.xml",8
"ead > archdesc > userestrict > p","tamwag/oh_015.xml",10
"ead > archdesc > userestrict > p","tamwag/tam_347.xml",2
"ead > archdesc > userestrict > p > address > addressline","archives/mc_125.xml",7
"ead > archdesc > userestrict > p > address > addressline","archives/mc_141.xml",7
"ead > archdesc > userestrict > p > address > addressline","archives/mc_16.xml",3
"ead > archdesc > userestrict > p > address > addressline","archives/mc_173.xml",7
"ead > archdesc > userestrict > p > address > addressline","archives/mc_2.xml",7
"ead > archdesc > userestrict > p > address > addressline","archives/mc_206.xml",7
"ead > archdesc > userestrict > p > address > addressline","archives/mc_207.xml",7
"ead > archdesc > userestrict > p > address > addressline","archives/mc_210.xml",7
"ead > archdesc > userestrict > p > address > addressline","archives/rg_12_11.xml",7
"ead > archdesc > userestrict > p > address > addressline","archives/rg_13_1.xml",7
"ead > archdesc > userestrict > p > address > addressline","archives/rg_15_5.xml",7
"ead > archdesc > userestrict > p > address > addressline","archives/rg_18_0_1.xml",7
"ead > archdesc > userestrict > p > address > addressline","archives/rg_18_0_2.xml",3
"ead > archdesc > userestrict > p > address > addressline","archives/rg_20.xml",7
"ead > archdesc > userestrict > p > address > addressline","archives/rg_21_1.xml",3
"ead > archdesc > userestrict > p > address > addressline","archives/rg_26_0_1.xml",7
"ead > archdesc > userestrict > p > address > addressline","archives/rg_26_25.xml",7
"ead > archdesc > userestrict > p > address > addressline","archives/rg_38_0.xml",7
"ead > archdesc > userestrict > p > address > addressline","archives/rg_39_175.xml",7
"ead > archdesc > userestrict > p > address > addressline","archives/rg_39_3.xml",3
"ead > archdesc > userestrict > p > address > addressline","archives/rg_3_0_6.xml",7
"ead > archdesc > userestrict > p > address > addressline","archives/rg_3_4.xml",7
"ead > archdesc > userestrict > p > address > addressline","archives/rg_6_1.xml",7
"ead > archdesc > userestrict > p > address > addressline","archives/rg_9_7.xml",7
"ead > archdesc > userestrict > p > address > addressline","archives/rism_rg_11.xml",7
"ead > archdesc > userestrict > p > address > addressline","archives/rism_rg_12.xml",7
"ead > archdesc > userestrict > p > address > addressline","archives/rism_rg_16_j.xml",7
"ead > archdesc > userestrict > p > address > addressline","archives/rism_rg_18.xml",7
"ead > archdesc > userestrict > p > address > addressline","archives/rism_rg_3.xml",7
"ead > archdesc > userestrict > p > address > addressline","archives/rism_rg_5.xml",7
"ead > archdesc > userestrict > p > address > addressline","fales/mss_070.xml",14
"ead > archdesc > userestrict > p > address > addressline","nyhs/ms1988_new_york_indentures.xml",4
"ead > archdesc > userestrict > p > address > addressline","nyhs/ms2189_peter_a_frasse_co.xml",4
"ead > archdesc > userestrict > p > address > addressline","nyhs/ms235_frey_family.xml",4
"ead > archdesc > userestrict > p > address > addressline","nyhs/ms242_william_geils.xml",4
"ead > archdesc > userestrict > p > address > addressline","nyhs/ms248_giles_family.xml",4
"ead > archdesc > userestrict > p > address > addressline","nyhs/ms249_samuel_gilford.xml",4
"ead > archdesc > userestrict > p > address > addressline","nyhs/ms263_green_mitchell.xml",4
"ead > archdesc > userestrict > p > address > addressline","nyhs/ms264_andrew_haswell_green.xml",4
"ead > archdesc > userestrict > p > address > addressline","nyhs/ms277_hare_family.xml",4
"ead > archdesc > userestrict > p > address > addressline","nyhs/ms282_harmonie_club.xml",4
"ead > archdesc > userestrict > p > address > addressline","nyhs/ms316_robert_hunter.xml",4
"ead > archdesc > userestrict > p > address > addressline","nyhs/ms322_indigeneous_peoples_america_collection.xml",4
"ead > archdesc > userestrict > p > address > addressline","nyhs/ms335_emma_juliand.xml",3
"ead > archdesc > userestrict > p > address > addressline","nyhs/ms341_kellogg_family.xml",4
"ead > archdesc > userestrict > p > address > addressline","nyhs/ms346_keppler_family.xml",4
"ead > archdesc > userestrict > p > address > addressline","nyhs/ms354_henry_theo_kitson.xml",4
"ead > archdesc > userestrict > p > address > addressline","nyhs/ms359_ladies_christian_union.xml",4
"ead > archdesc > userestrict > p > address > addressline","nyhs/ms365_leonard_larsen.xml",4
"ead > archdesc > userestrict > p > address > addressline","nyhs/ms381_leverich_family.xml",4
"ead > archdesc > userestrict > p > address > addressline","nyhs/ms382_florence_nightingale_levy.xml",4
"ead > archdesc > userestrict > p > address > addressline","nyhs/ms383_morgan_lewis.xml",4
"ead > archdesc > userestrict > p > address > addressline","nyhs/ms389_fred_lockley.xml",4
"ead > archdesc > userestrict > p > address > addressline","nyhs/ms392_1_nicholas_low.xml",4
"ead > archdesc > userestrict > p > address > addressline","nyhs/ms393_dewayne_lundgren.xml",4
"ead > archdesc > userestrict > p > address > addressline","nyhs/ms399_stevenson_macwhinney.xml",4
"ead > archdesc > userestrict > p > address > addressline","nyhs/ms439_17_gustavus_vasa_fox.xml",4
"ead > archdesc > userestrict > p > address > addressline","nyhs/ms439_21_caspar_goodrich.xml",4
"ead > archdesc > userestrict > p > address > addressline","nyhs/pr019_arnold_genthe.xml",4
"ead > archdesc > userestrict > p > address > addressline","nyhs/pr024_george_hall_son.xml",4
"ead > archdesc > userestrict > p > address > addressline","nyhs/pr025_henry_havemeyer_statesmen.xml",3
"ead > archdesc > userestrict > p > address > addressline","nyhs/pr026_mattie_hewitt_richard_smith.xml",7
"ead > archdesc > userestrict > p > address > addressline","nyhs/pr027_hyde_allegorical_prints_continents.xml",5
"ead > archdesc > userestrict > p > address > addressline","nyhs/pr030_theron_kilmer.xml",5
"ead > archdesc > userestrict > p > address > addressline","nyhs/pr037_william_light.xml",5
"ead > archdesc > userestrict > p > address > addressline","nyhs/pr038_lighthouse_photographs.xml",7
"ead > archdesc > userestrict > p > address > addressline","nyhs/pr043_mclaughlin_air_service_photos.xml",5
"ead > archdesc > userestrict > p > address > addressline","nyhs/pr048_alexander_hatos.xml",5
"ead > archdesc > userestrict > p > address > addressline","nyhs/pr070_lantern_slides_collection.xml",5
"ead > archdesc > userestrict > p > address > addressline","nyhs/pr082_charles_gilbert_hine.xml",7
"ead > archdesc > userestrict > p > address > addressline","nyhs/pr086_samuel_hollyer_old_new_york.xml",3
"ead > archdesc > userestrict > p > address > addressline","nyhs/pr096_edwin_martin.xml",4
"ead > archdesc > userestrict > p > address > addressline","nyhs/pr097_arthur_grumbine.xml",7
"ead > archdesc > userestrict > p > address > addressline","nyhs/pr103_alexander_morgan_hamilton_family.xml",7
"ead > archdesc > userestrict > p > address > addressline","nyhs/pr121_mabel_lathrop_harper.xml",7
"ead > archdesc > userestrict > p > address > addressline","nyhs/pr135_jennings_family.xml",3
"ead > archdesc > userestrict > p > address > addressline","nyhs/pr138_eugene_livingston_family.xml",5
"ead > archdesc > userestrict > p > address > addressline","nyhs/pr144_pictorial_lettersheet.xml",7
"ead > archdesc > userestrict > p > address > addressline","nyhs/pr148_raymond_hood.xml",3
"ead > archdesc > userestrict > p > address > addressline","nyhs/pr149_bella_landauer_writings_reference.xml",4
"ead > archdesc > userestrict > p > address > addressline","nyhs/pr210_imperial_portrait_photos.xml",4
"ead > archdesc > userestrict > p > address > addressline","nyhs/pr215_robert_lester.xml",5
"ead > archdesc > userestrict > p > address > addressline","nyhs/pr217_john_hill_prints.xml",5
"ead > archdesc > userestrict > p > address > addressline","nyhs/pr256_daniel_huntington_study_portraits.xml",5
"ead > archdesc > userestrict > p > address > addressline","nyhs/pr257_manhattan_graphics_center_911.xml",5
"ead > archdesc > userestrict > p > address > addressline","nyhs/pr258_here_is_new_york.xml",5
"ead > archdesc > userestrict > p > address > addressline","nyhs/pr265_mcguigan_chapman_etchings.xml",5
"ead > archdesc > userestrict > p > address > addressline","nyhs/pr268_hudson_fulton_pictorial.xml",5
"ead > archdesc > userestrict > p > address > addressline","nyhs/pr269_carl_lobozza.xml",5
"ead > eadheader > filedesc > titlestmt > author","fales/mss_050.xml",1
"ead > eadheader > filedesc > titlestmt > titleproper","archives/mc_123.xml",2
"ead > eadheader > filedesc > titlestmt > titleproper","archives/mc_13.xml",3
"ead > eadheader > filedesc > titlestmt > titleproper","archives/mc_14.xml",2
"ead > eadheader > filedesc > titlestmt > titleproper","archives/mc_140.xml",2
"ead > eadheader > filedesc > titlestmt > titleproper","archives/mc_151.xml",2
"ead > eadheader > filedesc > titlestmt > titleproper","archives/mc_175.xml",2
"ead > eadheader > filedesc > titlestmt > titleproper","archives/mc_2.xml",2
"ead > eadheader > filedesc > titlestmt > titleproper","archives/mc_208.xml",2
"ead > eadheader > filedesc > titlestmt > titleproper","archives/mc_6.xml",2
"ead > eadheader > filedesc > titlestmt > titleproper","archives/mc_97.xml",3
"ead > eadheader > filedesc > titlestmt > titleproper","archives/rg_15_14.xml",2
"ead > eadheader > filedesc > titlestmt > titleproper","archives/rg_15_5.xml",2
"ead > eadheader > filedesc > titlestmt > titleproper","archives/rg_19.xml",3
"ead > eadheader > filedesc > titlestmt > titleproper","archives/rg_1_1.xml",2
"ead > eadheader > filedesc > titlestmt > titleproper","archives/rg_20_3.xml",2
"ead > eadheader > filedesc > titlestmt > titleproper","archives/rg_21_3.xml",3
"ead > eadheader > filedesc > titlestmt > titleproper","archives/rg_21_3_1.xml",3
"ead > eadheader > filedesc > titlestmt > titleproper","archives/rg_37_18.xml",2
"ead > eadheader > filedesc > titlestmt > titleproper","archives/rg_39_4.xml",2
"ead > eadheader > filedesc > titlestmt > titleproper","archives/rg_3_0_3.xml",2
"ead > eadheader > filedesc > titlestmt > titleproper","archives/rg_3_0_5.xml",2
"ead > eadheader > filedesc > titlestmt > titleproper","archives/rg_3_0_8.xml",3
"ead > eadheader > filedesc > titlestmt > titleproper","archives/rg_3_1.xml",2
"ead > eadheader > filedesc > titlestmt > titleproper","archives/rg_6_0.xml",3
"ead > eadheader > filedesc > titlestmt > titleproper","archives/rg_6_1.xml",2
"ead > eadheader > filedesc > titlestmt > titleproper","archives/rg_6_3.xml",2
"ead > eadheader > filedesc > titlestmt > titleproper","archives/rg_7_2_1.xml",2
"ead > eadheader > filedesc > titlestmt > titleproper","archives/rg_8_0_3.xml",2
"ead > eadheader > filedesc > titlestmt > titleproper","archives/rg_8_0_4.xml",2
"ead > eadheader > filedesc > titlestmt > titleproper","archives/rg_9_5.xml",2
"ead > eadheader > filedesc > titlestmt > titleproper","archives/rg_9_7.xml",2
"ead > eadheader > filedesc > titlestmt > titleproper","fales/mss_008.xml",2
"ead > eadheader > filedesc > titlestmt > titleproper","fales/mss_011.xml",2
"ead > eadheader > filedesc > titlestmt > titleproper","fales/mss_012.xml",2
"ead > eadheader > filedesc > titlestmt > titleproper","fales/mss_014.xml",2
"ead > eadheader > filedesc > titlestmt > titleproper","fales/mss_015.xml",2
"ead > eadheader > filedesc > titlestmt > titleproper","fales/mss_019.xml",2
"ead > eadheader > filedesc > titlestmt > titleproper","fales/mss_021.xml",2
"ead > eadheader > filedesc > titlestmt > titleproper","fales/mss_022.xml",2
"ead > eadheader > filedesc > titlestmt > titleproper","fales/mss_024.xml",2
"ead > eadheader > filedesc > titlestmt > titleproper","fales/mss_026.xml",2
"ead > eadheader > filedesc > titlestmt > titleproper","fales/mss_030.xml",2
"ead > eadheader > filedesc > titlestmt > titleproper","fales/mss_034.xml",2
"ead > eadheader > filedesc > titlestmt > titleproper","fales/mss_041.xml",2
"ead > eadheader > filedesc > titlestmt > titleproper","fales/mss_043.xml",2
"ead > eadheader > filedesc > titlestmt > titleproper","fales/mss_047.xml",2
"ead > eadheader > filedesc > titlestmt > titleproper","fales/mss_082.xml",2
"ead > eadheader > filedesc > titlestmt > titleproper","fales/mss_085.xml",2
"ead > eadheader > filedesc > titlestmt > titleproper","fales/mss_098.xml",2
"ead > eadheader > filedesc > titlestmt > titleproper","fales/mss_101.xml",2
"ead > eadheader > filedesc > titlestmt > titleproper","fales/mss_106.xml",2
"ead > eadheader > filedesc > titlestmt > titleproper","fales/mss_112.xml",2
"ead > eadheader > filedesc > titlestmt > titleproper","fales/mss_115.xml",2
"ead > eadheader > filedesc > titlestmt > titleproper","fales/mss_118.xml",2
"ead > eadheader > filedesc > titlestmt > titleproper","fales/mss_126.xml",2
"ead > eadheader > filedesc > titlestmt > titleproper","fales/mss_131.xml",2
"ead > eadheader > filedesc > titlestmt > titleproper","fales/mss_136.xml",2
"ead > eadheader > filedesc > titlestmt > titleproper","fales/mss_138.xml",2
"ead > eadheader > filedesc > titlestmt > titleproper","fales/mss_145.xml",2
"ead > eadheader > filedesc > titlestmt > titleproper","fales/mss_146.xml",2
"ead > eadheader > filedesc > titlestmt > titleproper","fales/mss_166.xml",2
"ead > eadheader > filedesc > titlestmt > titleproper","fales/mss_167.xml",2
"ead > eadheader > filedesc > titlestmt > titleproper","fales/mss_168.xml",2
"ead > eadheader > filedesc > titlestmt > titleproper","fales/mss_171.xml",2
"ead > eadheader > filedesc > titlestmt > titleproper","fales/mss_202.xml",2
"ead > eadheader > filedesc > titlestmt > titleproper","fales/mss_215.xml",2
"ead > eadheader > filedesc > titlestmt > titleproper","fales/mss_216.xml",2
"ead > eadheader > filedesc > titlestmt > titleproper","fales/mss_229.xml",2
"ead > eadheader > filedesc > titlestmt > titleproper","fales/mss_232.xml",2
"ead > eadheader > filedesc > titlestmt > titleproper","fales/mss_234.xml",2
"ead > eadheader > filedesc > titlestmt > titleproper","fales/mss_236.xml",2
"ead > eadheader > filedesc > titlestmt > titleproper","fales/mss_245.xml",2
"ead > eadheader > filedesc > titlestmt > titleproper","fales/mss_247.xml",2
"ead > eadheader > filedesc > titlestmt > titleproper","fales/mss_248.xml",2
"ead > eadheader > filedesc > titlestmt > titleproper","fales/mss_251.xml",2
"ead > eadheader > filedesc > titlestmt > titleproper","fales/mss_255.xml",1
"ead > eadheader > filedesc > titlestmt > titleproper","fales/mss_258.xml",2
"ead > eadheader > filedesc > titlestmt > titleproper","fales/mss_259.xml",2
"ead > eadheader > filedesc > titlestmt > titleproper","fales/mss_262.xml",2
"ead > eadheader > filedesc > titlestmt > titleproper","fales/mss_266.xml",2
"ead > eadheader > filedesc > titlestmt > titleproper","fales/mss_268.xml",2
"ead > eadheader > filedesc > titlestmt > titleproper","fales/mss_273.xml",2
"ead > eadheader > filedesc > titlestmt > titleproper","fales/mss_279.xml",1
"ead > eadheader > filedesc > titlestmt > titleproper","fales/mss_280.xml",2
"ead > eadheader > filedesc > titlestmt > titleproper","fales/mss_293.xml",2
"ead > eadheader > filedesc > titlestmt > titleproper","fales/mss_298.xml",2
"ead > eadheader > filedesc > titlestmt > titleproper","fales/mss_305.xml",2
"ead > eadheader > filedesc > titlestmt > titleproper","fales/mss_306.xml",2
"ead > eadheader > filedesc > titlestmt > titleproper","fales/mss_307.xml",2
"ead > eadheader > filedesc > titlestmt > titleproper","fales/mss_316.xml",2
"ead > eadheader > filedesc > titlestmt > titleproper","fales/mss_322.xml",2
"ead > eadheader > filedesc > titlestmt > titleproper","fales/mss_325.xml",2
"ead > eadheader > filedesc > titlestmt > titleproper","fales/mss_326.xml",2
"ead > eadheader > filedesc > titlestmt > titleproper","fales/mss_330.xml",2
"ead > eadheader > filedesc > titlestmt > titleproper","fales/mss_335.xml",2
"ead > eadheader > filedesc > titlestmt > titleproper","fales/mss_336.xml",2
"ead > eadheader > filedesc > titlestmt > titleproper","fales/mss_337.xml",2
"ead > eadheader > filedesc > titlestmt > titleproper","fales/mss_349.xml",2
"ead > eadheader > filedesc > titlestmt > titleproper","fales/mss_357.xml",2
"ead > eadheader > filedesc > titlestmt > titleproper","fales/mss_364.xml",2
"ead > eadheader > filedesc > titlestmt > titleproper","fales/mss_366.xml",2
"ead > eadheader > filedesc > titlestmt > titleproper","fales/mss_373.xml",2
"ead > eadheader > filedesc > titlestmt > titleproper","fales/mss_376.xml",2
"ead > eadheader > filedesc > titlestmt > titleproper","fales/mss_392.xml",2
"ead > eadheader > filedesc > titlestmt > titleproper","fales/mss_394.xml",2
"ead > eadheader > filedesc > titlestmt > titleproper","fales/mss_396.xml",2
"ead > eadheader > filedesc > titlestmt > titleproper","nyhs/ms000_oversize_manuscripts_collection.xml",2
"ead > eadheader > filedesc > titlestmt > titleproper","nyhs/ms0210_fdny_logbooks.xml",2
"ead > eadheader > filedesc > titlestmt > titleproper","nyhs/ms0272_hair.xml",2
"ead > eadheader > filedesc > titlestmt > titleproper","nyhs/ms0540_sawitzky.xml",2
"ead > eadheader > filedesc > titlestmt > titleproper","nyhs/ms0573_helen_burr_smith.xml",2
"ead > eadheader > filedesc > titlestmt > titleproper","nyhs/ms0621_miltonhalseythomas_diaries.xml",2
"ead > eadheader > filedesc > titlestmt > titleproper","nyhs/ms104_causeries_du_lundi.xml",2
"ead > eadheader > filedesc > titlestmt > titleproper","nyhs/ms108_chapel_farm.xml",2
"ead > eadheader > filedesc > titlestmt > titleproper","nyhs/ms111_childrens_aid_society.xml",2
"ead > eadheader > filedesc > titlestmt > titleproper","nyhs/ms1130_cooper_hewitt.xml",2
"ead > eadheader > filedesc > titlestmt > titleproper","nyhs/ms1165_william_darlington.xml",2
"ead > eadheader > filedesc > titlestmt > titleproper","nyhs/ms116_city_club.xml",2
"ead > eadheader > filedesc > titlestmt > titleproper","nyhs/ms118_donald_clark.xml",2
"ead > eadheader > filedesc > titlestmt > titleproper","nyhs/ms124_coe_brown_family.xml",2
"ead > eadheader > filedesc > titlestmt > titleproper","nyhs/ms1261_edward_durell.xml",2
"ead > eadheader > filedesc > titlestmt > titleproper","nyhs/ms1271_margaret_wright_eadie.xml",2
"ead > eadheader > filedesc > titlestmt > titleproper","nyhs/ms128_coles_family.xml",2
"ead > eadheader > filedesc > titlestmt > titleproper","nyhs/ms12_american_art_union.xml",2
"ead > eadheader > filedesc > titlestmt > titleproper","nyhs/ms1335_friends_city_hall_park.xml",2
"ead > eadheader > filedesc > titlestmt > titleproper","nyhs/ms139_womans_league_riverside.xml",2
"ead > eadheader > filedesc > titlestmt > titleproper","nyhs/ms141_william_halsey_wood.xml",2
"ead > eadheader > filedesc > titlestmt > titleproper","nyhs/ms1422_helen_miller_gould_shepard.xml",2
"ead > eadheader > filedesc > titlestmt > titleproper","nyhs/ms142_peter_curtenius.xml",2
"ead > eadheader > filedesc > titlestmt > titleproper","nyhs/ms1465_manumission_society.xml",2
"ead > eadheader > filedesc > titlestmt > titleproper","nyhs/ms1470_ny_marble_cemetery.xml",2
"ead > eadheader > filedesc > titlestmt > titleproper","nyhs/ms1493_james_harbord.xml",2
"ead > eadheader > filedesc > titlestmt > titleproper","nyhs/ms149_davis_family.xml",2
"ead > eadheader > filedesc > titlestmt > titleproper","nyhs/ms14_american_defense_society.xml",2
"ead > eadheader > filedesc > titlestmt > titleproper","nyhs/ms157_delafield_hawkins_longfellow.xml",2
"ead > eadheader > filedesc > titlestmt > titleproper","nyhs/ms161_delaplaine_family.xml",2
"ead > eadheader > filedesc > titlestmt > titleproper","nyhs/ms1660_rufus_king_papers.xml",2
"ead > eadheader > filedesc > titlestmt > titleproper","nyhs/ms168_dewart_munsey_sun.xml",3
"ead > eadheader > filedesc > titlestmt > titleproper","nyhs/ms171_dodd_mead.xml",2
"ead > eadheader > filedesc > titlestmt > titleproper","nyhs/ms173_thomas_dolan_telegraphs.xml",2
"ead > eadheader > filedesc > titlestmt > titleproper","nyhs/ms179_duane_family.xml",2
"ead > eadheader > filedesc > titlestmt > titleproper","nyhs/ms17_american_institute.xml",2
"ead > eadheader > filedesc > titlestmt > titleproper","nyhs/ms182_william_duer.xml",2
"ead > eadheader > filedesc > titlestmt > titleproper","nyhs/ms183_duffie_family.xml",2
"ead > eadheader > filedesc > titlestmt > titleproper","nyhs/ms18_american_iron_company.xml",2
"ead > eadheader > filedesc > titlestmt > titleproper","nyhs/ms1944_new_orleans_collection.xml",2
"ead > eadheader > filedesc > titlestmt > titleproper","nyhs/ms196_elmira_1948_election.xml",2
"ead > eadheader > filedesc > titlestmt > titleproper","nyhs/ms1988_new_york_indentures.xml",2
"ead > eadheader > filedesc > titlestmt > titleproper","nyhs/ms199_emergency_shelter.xml",2
"ead > eadheader > filedesc > titlestmt > titleproper","nyhs/ms200_ensko_silver.xml",2
"ead > eadheader > filedesc > titlestmt > titleproper","nyhs/ms201_erasmus_hall.xml",2
"ead > eadheader > filedesc > titlestmt > titleproper","nyhs/ms204_erving_king_family.xml",2
"ead > eadheader > filedesc > titlestmt > titleproper","nyhs/ms205_edith_shepard_fabbri.xml",2
"ead > eadheader > filedesc > titlestmt > titleproper","nyhs/ms207_charles_helen_fairchild.xml",2
"ead > eadheader > filedesc > titlestmt > titleproper","nyhs/ms2112_nyc_railroad_car_body.xml",2
"ead > eadheader > filedesc > titlestmt > titleproper","nyhs/ms2189_peter_a_frasse_co.xml",2
"ead > eadheader > filedesc > titlestmt > titleproper","nyhs/ms220_flexner.xml",2
"ead > eadheader > filedesc > titlestmt > titleproper","nyhs/ms222_george_folsom.xml",2
"ead > eadheader > filedesc > titlestmt > titleproper","nyhs/ms231_freedman.xml",3
"ead > eadheader > filedesc > titlestmt > titleproper","nyhs/ms233_frenchbensoc.xml",2
"ead > eadheader > filedesc > titlestmt > titleproper","nyhs/ms235_frey_family.xml",2
"ead > eadheader > filedesc > titlestmt > titleproper","nyhs/ms23_artists_fund_society.xml",2
"ead > eadheader > filedesc > titlestmt > titleproper","nyhs/ms2405_charles_simpson.xml",2
"ead > eadheader > filedesc > titlestmt > titleproper","nyhs/ms240_horatio_gates.xml",2
"ead > eadheader > filedesc > titlestmt > titleproper","nyhs/ms241_margot_gayle.xml",2
"ead > eadheader > filedesc > titlestmt > titleproper","nyhs/ms242_william_geils.xml",2
"ead > eadheader > filedesc > titlestmt > titleproper","nyhs/ms2430_southern_famine_relief.xml",2
"ead > eadheader > filedesc > titlestmt > titleproper","nyhs/ms248_giles_family.xml",2
"ead > eadheader > filedesc > titlestmt > titleproper","nyhs/ms249_samuel_gilford.xml",2
"ead > eadheader > filedesc > titlestmt > titleproper","nyhs/ms24_colored_orphan_asylum.xml",2
"ead > eadheader > filedesc > titlestmt > titleproper","nyhs/ms2530_emma_thursby.xml",2
"ead > eadheader > filedesc > titlestmt > titleproper","nyhs/ms256_harmon_hendricks_goldstone.xml",2
"ead > eadheader > filedesc > titlestmt > titleproper","nyhs/ms25_astor_family.xml",2
"ead > eadheader > filedesc > titlestmt > titleproper","nyhs/ms2606_henry_van_solingen.xml",2
"ead > eadheader > filedesc > titlestmt > titleproper","nyhs/ms263_green_mitchell.xml",2
"ead > eadheader > filedesc > titlestmt > titleproper","nyhs/ms264_andrew_haswell_green.xml",2
"ead > eadheader > filedesc > titlestmt > titleproper","nyhs/ms277_hare_family.xml",2
"ead > eadheader > filedesc > titlestmt > titleproper","nyhs/ms2807_charles_edwin_west.xml",2
"ead > eadheader > filedesc > titlestmt > titleproper","nyhs/ms282_harmonie_club.xml",2
"ead > eadheader > filedesc > titlestmt > titleproper","nyhs/ms284_james_harper.xml",2
"ead > eadheader > filedesc > titlestmt > titleproper","nyhs/ms2902_bowers_family.xml",2
"ead > eadheader > filedesc > titlestmt > titleproper","nyhs/ms2906_bannerman_family.xml",2
"ead > eadheader > filedesc > titlestmt > titleproper","nyhs/ms2914_westside_crime_prevention.xml",2
"ead > eadheader > filedesc > titlestmt > titleproper","nyhs/ms2916_graham_windham.xml",2
"ead > eadheader > filedesc > titlestmt > titleproper","nyhs/ms2920_carolyn_kent.xml",2
"ead > eadheader > filedesc > titlestmt > titleproper","nyhs/ms2922_oxman.xml",2
"ead > eadheader > filedesc > titlestmt > titleproper","nyhs/ms2923_caledonian_club.xml",2
"ead > eadheader > filedesc > titlestmt > titleproper","nyhs/ms292_shirley_hayes.xml",2
"ead > eadheader > filedesc > titlestmt > titleproper","nyhs/ms2948_hannah_campbell.xml",2
"ead > eadheader > filedesc > titlestmt > titleproper","nyhs/ms2953_macdowell_club.xml",2
"ead > eadheader > filedesc > titlestmt > titleproper","nyhs/ms2956_decaro_mulvehill_menkhoff.xml",2
"ead > eadheader > filedesc > titlestmt > titleproper","nyhs/ms2958_10790_thurlow_weed.xml",2
"ead > eadheader > filedesc > titlestmt > titleproper","nyhs/ms2958_5423_kimball.xml",2
"ead > eadheader > filedesc > titlestmt > titleproper","nyhs/ms2958_8831_harold_seton.xml",2
"ead > eadheader > filedesc > titlestmt > titleproper","nyhs/ms2958_9782_kassebart.xml",2
"ead > eadheader > filedesc > titlestmt > titleproper","nyhs/ms2958_9788_varrecchia.xml",2
"ead > eadheader > filedesc > titlestmt > titleproper","nyhs/ms2958_9798_herbert_lehman.xml",2
"ead > eadheader > filedesc > titlestmt > titleproper","nyhs/ms2958_9799_richard_knight.xml",2
"ead > eadheader > filedesc > titlestmt > titleproper","nyhs/ms2958_9800_joao_dasilva.xml",2
"ead > eadheader > filedesc > titlestmt > titleproper","nyhs/ms2958_9801_monell_john.xml",2
"ead > eadheader > filedesc > titlestmt > titleproper","nyhs/ms2958_9802_cyril_sarah_grey.xml",2
"ead > eadheader > filedesc > titlestmt > titleproper","nyhs/ms2958_9806_evergreens_gray.xml",2
"ead > eadheader > filedesc > titlestmt > titleproper","nyhs/ms2958_9807_brunckhurst_citizenship.xml",2
"ead > eadheader > filedesc > titlestmt > titleproper","nyhs/ms2958_9808_woodrow_wilson_smith.xml",2
"ead > eadheader > filedesc > titlestmt > titleproper","nyhs/ms2958_9809_woodrow_wilson_christie.xml",2
"ead > eadheader > filedesc > titlestmt > titleproper","nyhs/ms2958_9812_public_markets.xml",2
"ead > eadheader > filedesc > titlestmt > titleproper","nyhs/ms2958_9815_myer_samuel_isaacs.xml",2
"ead > eadheader > filedesc > titlestmt > titleproper","nyhs/ms2958_9816_ferdinand_ruehrmund.xml",2
"ead > eadheader > filedesc > titlestmt > titleproper","nyhs/ms2958_9817_davis_leggett.xml",2
"ead > eadheader > filedesc > titlestmt > titleproper","nyhs/ms2958_9818_lois_miller.xml",2
"ead > eadheader > filedesc > titlestmt > titleproper","nyhs/ms2958_9819_studenroth_collection.xml",2
"ead > eadheader > filedesc > titlestmt > titleproper","nyhs/ms2958_9820_seaman_protection_kelly.xml",3
"ead > eadheader > filedesc > titlestmt > titleproper","nyhs/ms2958_9821_hugo_rothschild.xml",2
"ead > eadheader > filedesc > titlestmt > titleproper","nyhs/ms2958_9822_abeel_dunscomb.xml",2
"ead > eadheader > filedesc > titlestmt > titleproper","nyhs/ms2958_9823_reid_whitelaw.xml",2
"ead > eadheader > filedesc > titlestmt > titleproper","nyhs/ms2958_9824_marvel_shipbuild.xml",2
"ead > eadheader > filedesc > titlestmt > titleproper","nyhs/ms2958_9825_laura_morgan.xml",2
"ead > eadheader > filedesc > titlestmt > titleproper","nyhs/ms2958_9826_libby_demorin.xml",2
"ead > eadheader > filedesc > titlestmt > titleproper","nyhs/ms2958_9827_hincks_morse.xml",2
"ead > eadheader > filedesc > titlestmt > titleproper","nyhs/ms2958_9828_brainerd.xml",2
"ead > eadheader > filedesc > titlestmt > titleproper","nyhs/ms2958_9829_hart.xml",2
"ead > eadheader > filedesc > titlestmt > titleproper","nyhs/ms2958_9830_green_benjamin.xml",2
"ead > eadheader > filedesc > titlestmt > titleproper","nyhs/ms2958_9831_thurgood_marshall.xml",2
"ead > eadheader > filedesc > titlestmt > titleproper","nyhs/ms2958_9832_ray_pierce.xml",2
"ead > eadheader > filedesc > titlestmt > titleproper","nyhs/ms2958_9833_yorkville_clock.xml",2
"ead > eadheader > filedesc > titlestmt > titleproper","nyhs/ms2958_9834_nyc_street_commissioner.xml",2
"ead > eadheader > filedesc > titlestmt > titleproper","nyhs/ms2958_9835_withington.xml",2
"ead > eadheader > filedesc > titlestmt > titleproper","nyhs/ms2958_9836_firemens_insurance.xml",2
"ead > eadheader > filedesc > titlestmt > titleproper","nyhs/ms2958_9837_hopes_delight.xml",2
"ead > eadheader > filedesc > titlestmt > titleproper","nyhs/ms2958_9838_harry_potter.xml",2
"ead > eadheader > filedesc > titlestmt > titleproper","nyhs/ms2958_9839_welch_fund.xml",2
"ead > eadheader > filedesc > titlestmt > titleproper","nyhs/ms2958_9842_johnston_weeks.xml",2
"ead > eadheader > filedesc > titlestmt > titleproper","nyhs/ms2958_9843_war_assets.xml",2
"ead > eadheader > filedesc > titlestmt > titleproper","nyhs/ms2958_9845_gutfreund.xml",2
"ead > eadheader > filedesc > titlestmt > titleproper","nyhs/ms2958_9846_wc_dunn.xml",2
"ead > eadheader > filedesc > titlestmt > titleproper","nyhs/ms2958_9847_sotomayor_ziegler.xml",2
"ead > eadheader > filedesc > titlestmt > titleproper","nyhs/ms2958_9848_wright_farrer.xml",3
"ead > eadheader > filedesc > titlestmt > titleproper","nyhs/ms2958_9849_kennedy_teletypes.xml",2
"ead > eadheader > filedesc > titlestmt > titleproper","nyhs/ms2958_9850_axtell_vanpelt.xml",2
"ead > eadheader > filedesc > titlestmt > titleproper","nyhs/ms2958_9851_billie_jean_king.xml",2
"ead > eadheader > filedesc > titlestmt > titleproper","nyhs/ms2958_9852_manhattan_burr.xml",2
"ead > eadheader > filedesc > titlestmt > titleproper","nyhs/ms2958_9853_philip_pope.xml",2
"ead > eadheader > filedesc > titlestmt > titleproper","nyhs/ms2958_9854_hill_matrimonial.xml",2
"ead > eadheader > filedesc > titlestmt > titleproper","nyhs/ms2958_9855_nyhrailroad_taxation.xml",3
"ead > eadheader > filedesc > titlestmt > titleproper","nyhs/ms2958_9856_stoutenburgh.xml",2
"ead > eadheader > filedesc > titlestmt > titleproper","nyhs/ms2958_9858_arthur_tappan.xml",2
"ead > eadheader > filedesc > titlestmt > titleproper","nyhs/ms2958_9858_enos_jones.xml",2
"ead > eadheader > filedesc > titlestmt > titleproper","nyhs/ms2958_9859_franklin_jay.xml",2
"ead > eadheader > filedesc > titlestmt > titleproper","nyhs/ms2958_9860_mumford_lynd.xml",2
"ead > eadheader > filedesc > titlestmt > titleproper","nyhs/ms2958_9861_emma_ina_thursby.xml",2
"ead > eadheader > filedesc > titlestmt > titleproper","nyhs/ms2958_9863_church_kurtz.xml",2
"ead > eadheader > filedesc > titlestmt > titleproper","nyhs/ms2958_9864_lewis_findon.xml",2
"ead > eadheader > filedesc > titlestmt > titleproper","nyhs/ms2958_9865_moses_coddington.xml",2
"ead > eadheader > filedesc > titlestmt > titleproper","nyhs/ms2958_9866_william_judson.xml",2
"ead > eadheader > filedesc > titlestmt > titleproper","nyhs/ms2958_9867_silleck_checks.xml",2
"ead > eadheader > filedesc > titlestmt > titleproper","nyhs/ms2958_9868_catalano_family.xml",2
"ead > eadheader > filedesc > titlestmt > titleproper","nyhs/ms2958_9868_edward_hussey.xml",2
"ead > eadheader > filedesc > titlestmt > titleproper","nyhs/ms2958_9869_myndert_van_schaik.xml",2
"ead > eadheader > filedesc > titlestmt > titleproper","nyhs/ms2958_9870_wynona_boober.xml",2
"ead > eadheader > filedesc > titlestmt > titleproper","nyhs/ms2958_9871_lossing_winthrop.xml",2
"ead > eadheader > filedesc > titlestmt > titleproper","nyhs/ms2958_9872_subway_construction_company.xml",2
"ead > eadheader > filedesc > titlestmt > titleproper","nyhs/ms2958_9873_volk_mcmillen.xml",2
"ead > eadheader > filedesc > titlestmt > titleproper","nyhs/ms2958_9874_fischer_victor.xml",2
"ead > eadheader > filedesc > titlestmt > titleproper","nyhs/ms2958_9875_ryerson_john.xml",2
"ead > eadheader > filedesc > titlestmt > titleproper","nyhs/ms2958_9876_stevens_ebenezer.xml",2
"ead > eadheader > filedesc > titlestmt > titleproper","nyhs/ms2958_9877_winne_commission.xml",2
"ead > eadheader > filedesc > titlestmt > titleproper","nyhs/ms2959_shirley_lester_halbreich.xml",2
"ead > eadheader > filedesc > titlestmt > titleproper","nyhs/ms295_hendricks_family.xml",3
"ead > eadheader > filedesc > titlestmt > titleproper","nyhs/ms2961_george_isabel_leboutillier_family.xml",2
"ead > eadheader > filedesc > titlestmt > titleproper","nyhs/ms2962_ludington_family.xml",2
"ead > eadheader > filedesc > titlestmt > titleproper","nyhs/ms2963_george_mcaneny.xml",2
"ead > eadheader > filedesc > titlestmt > titleproper","nyhs/ms2964_ladies_mile_district.xml",2
"ead > eadheader > filedesc > titlestmt > titleproper","nyhs/ms2965_george_clinton_collection.xml",2
"ead > eadheader > filedesc > titlestmt > titleproper","nyhs/ms296_yonkers_police_department.xml",2
"ead > eadheader > filedesc > titlestmt > titleproper","nyhs/ms297_isaac_hicks.xml",2
"ead > eadheader > filedesc > titlestmt > titleproper","nyhs/ms2995_1914_time_capsule.xml",2
"ead > eadheader > filedesc > titlestmt > titleproper","nyhs/ms2996_military_order_loyal_legion.xml",2
"ead > eadheader > filedesc > titlestmt > titleproper","nyhs/ms2997_saint_andrews_society.xml",2
"ead > eadheader > filedesc > titlestmt > titleproper","nyhs/ms2999_rentschler.xml",2
"ead > eadheader > filedesc > titlestmt > titleproper","nyhs/ms29_avignone_pharmacy.xml",2
"ead > eadheader > filedesc > titlestmt > titleproper","nyhs/ms2_lawrence_winston.xml",2
"ead > eadheader > filedesc > titlestmt > titleproper","nyhs/ms3000_boys_club_ny.xml",2
"ead > eadheader > filedesc > titlestmt > titleproper","nyhs/ms3007_charlotte_zerega.xml",2
"ead > eadheader > filedesc > titlestmt > titleproper","nyhs/ms3011_harry_schwartz.xml",2
"ead > eadheader > filedesc > titlestmt > titleproper","nyhs/ms3012_maxson_holloway.xml",2
"ead > eadheader > filedesc > titlestmt > titleproper","nyhs/ms3013_guion_family.xml",2
"ead > eadheader > filedesc > titlestmt > titleproper","nyhs/ms3014_henry_luce.xml",2
"ead > eadheader > filedesc > titlestmt > titleproper","nyhs/ms3015_elizabeth_felix_rohatyn.xml",2
"ead > eadheader > filedesc > titlestmt > titleproper","nyhs/ms3016_henry_walter.xml",2
"ead > eadheader > filedesc > titlestmt > titleproper","nyhs/ms3017_nicholas_scoppetta.xml",2
"ead > eadheader > filedesc > titlestmt > titleproper","nyhs/ms3018_john_zuccotti.xml",2
"ead > eadheader > filedesc > titlestmt > titleproper","nyhs/ms3020_ira_millstein.xml",2
"ead > eadheader > filedesc > titlestmt > titleproper","nyhs/ms3024_benjamin_segan.xml",2
"ead > eadheader > filedesc > titlestmt > titleproper","nyhs/ms3025_subway_therapy.xml",2
"ead > eadheader > filedesc > titlestmt > titleproper","nyhs/ms3026_brooklyn_friends_school_postits.xml",2
"ead > eadheader > filedesc > titlestmt > titleproper","nyhs/ms3027_messages_president_elect.xml",2
"ead > eadheader > filedesc > titlestmt > titleproper","nyhs/ms3028_louis_torres_feha_research.xml",2
"ead > eadheader > filedesc > titlestmt > titleproper","nyhs/ms3029_vincenzo_beltrone.xml",2
"ead > eadheader > filedesc > titlestmt > titleproper","nyhs/ms302_john_hone_scrapbooks.xml",2
"ead > eadheader > filedesc > titlestmt > titleproper","nyhs/ms3030_karl_vogel_model.xml",2
"ead > eadheader > filedesc > titlestmt > titleproper","nyhs/ms3031_daughters_of_cincinnati.xml",2
"ead > eadheader > filedesc > titlestmt > titleproper","nyhs/ms3032_7th_regiment_fund.xml",3
"ead > eadheader > filedesc > titlestmt > titleproper","nyhs/ms3033_horticultural.xml",2
"ead > eadheader > filedesc > titlestmt > titleproper","nyhs/ms3034_holland_dames.xml",4
"ead > eadheader > filedesc > titlestmt > titleproper","nyhs/ms3042_ethical_culture_fieldston.xml",2
"ead > eadheader > filedesc > titlestmt > titleproper","nyhs/ms3045_brenon.xml",2
"ead > eadheader > filedesc > titlestmt > titleproper","nyhs/ms3046_jamesh_roosevelt.xml",2
"ead > eadheader > filedesc > titlestmt > titleproper","nyhs/ms3047_myron_falk.xml",2
"ead > eadheader > filedesc > titlestmt > titleproper","nyhs/ms3049_charles_jefferson.xml",2
"ead > eadheader > filedesc > titlestmt > titleproper","nyhs/ms3050_matz.xml",2
"ead > eadheader > filedesc > titlestmt > titleproper","nyhs/ms3051_ratcliffe_laplaza.xml",2
"ead > eadheader > filedesc > titlestmt > titleproper","nyhs/ms3052_philip_hamilton_hill.xml",2
"ead > eadheader > filedesc > titlestmt > titleproper","nyhs/ms3053_anthony_robins.xml",2
"ead > eadheader > filedesc > titlestmt > titleproper","nyhs/ms3054_liberty_loan_committee.xml",2
"ead > eadheader > filedesc > titlestmt > titleproper","nyhs/ms3055_sunshine.xml",3
"ead > eadheader > filedesc > titlestmt > titleproper","nyhs/ms3056_westbeth.xml",2
"ead > eadheader > filedesc > titlestmt > titleproper","nyhs/ms3057_speir_payne.xml",2
"ead > eadheader > filedesc > titlestmt > titleproper","nyhs/ms3058_oliver_allen.xml",2
"ead > eadheader > filedesc > titlestmt > titleproper","nyhs/ms3059_saram.xml",2
"ead > eadheader > filedesc > titlestmt > titleproper","nyhs/ms3060_pomeroy.xml",2
"ead > eadheader > filedesc > titlestmt > titleproper","nyhs/ms3061_sutherland.xml",2
"ead > eadheader > filedesc > titlestmt > titleproper","nyhs/ms3063_alan_greenberg.xml",2
"ead > eadheader > filedesc > titlestmt > titleproper","nyhs/ms3064_raymond_haynes.xml",2
"ead > eadheader > filedesc > titlestmt > titleproper","nyhs/ms3065_accountants_club.xml",2
"ead > eadheader > filedesc > titlestmt > titleproper","nyhs/ms3066_cooper_whaling.xml",2
"ead > eadheader > filedesc > titlestmt > titleproper","nyhs/ms3067_abigail_whelpley.xml",2
"ead > eadheader > filedesc > titlestmt > titleproper","nyhs/ms3068_sharman.xml",2
"ead > eadheader > filedesc > titlestmt > titleproper","nyhs/ms3069_lillard.xml",3
"ead > eadheader > filedesc > titlestmt > titleproper","nyhs/ms306_jacob_harvey_family.xml",2
"ead > eadheader > filedesc > titlestmt > titleproper","nyhs/ms3070_newman.xml",3
"ead > eadheader > filedesc > titlestmt > titleproper","nyhs/ms3071_wednesday.xml",2
"ead > eadheader > filedesc > titlestmt > titleproper","nyhs/ms3073_merritt_irt.xml",2
"ead > eadheader > filedesc > titlestmt > titleproper","nyhs/ms3074_ahearn.xml",2
"ead > eadheader > filedesc > titlestmt > titleproper","nyhs/ms3076_iselin.xml",3
"ead > eadheader > filedesc > titlestmt > titleproper","nyhs/ms3077_dickinson.xml",2
"ead > eadheader > filedesc > titlestmt > titleproper","nyhs/ms3078_dumpson.xml",2
"ead > eadheader > filedesc > titlestmt > titleproper","nyhs/ms3079_legal_forms.xml",2
"ead > eadheader > filedesc > titlestmt > titleproper","nyhs/ms3080_army_navy_club.xml",2
"ead > eadheader > filedesc > titlestmt > titleproper","nyhs/ms3081_david_judelson.xml",2
"ead > eadheader > filedesc > titlestmt > titleproper","nyhs/ms3082_lyman_gracie_mansion.xml",2
"ead > eadheader > filedesc > titlestmt > titleproper","nyhs/ms3084_james_monroe_postgar.xml",2
"ead > eadheader > filedesc > titlestmt > titleproper","nyhs/ms3085_9threg.xml",2
"ead > eadheader > filedesc > titlestmt > titleproper","nyhs/ms3090_louise_hill_andre.xml",2
"ead > eadheader > filedesc > titlestmt > titleproper","nyhs/ms3091_low_fleming_king.xml",2
"ead > eadheader > filedesc > titlestmt > titleproper","nyhs/ms3094_mobia.xml",2
"ead > eadheader > filedesc > titlestmt > titleproper","nyhs/ms3096_cityarts.xml",2
"ead > eadheader > filedesc > titlestmt > titleproper","nyhs/ms3098_miracle_house.xml",2
"ead > eadheader > filedesc > titlestmt > titleproper","nyhs/ms3100_blanche_potter.xml",2
"ead > eadheader > filedesc > titlestmt > titleproper","nyhs/ms3105_carole_hyatt.xml",2
"ead > eadheader > filedesc > titlestmt > titleproper","nyhs/ms3111_helen_wright.xml",2
"ead > eadheader > filedesc > titlestmt > titleproper","nyhs/ms3112_edward_gibert_schermerhorn.xml",2
"ead > eadheader > filedesc > titlestmt > titleproper","nyhs/ms3113_new_england_society.xml",2
"ead > eadheader > filedesc > titlestmt > titleproper","nyhs/ms3116_dorothy_frooks.xml",2
"ead > eadheader > filedesc > titlestmt > titleproper","nyhs/ms3118_bowen_washington_centennial.xml",3
"ead > eadheader > filedesc > titlestmt > titleproper","nyhs/ms3119_200th_washington_anniversary.xml",3
"ead > eadheader > filedesc > titlestmt > titleproper","nyhs/ms3120_veteran_corps_artillery.xml",2
"ead > eadheader > filedesc > titlestmt > titleproper","nyhs/ms3122_greene.xml",2
"ead > eadheader > filedesc > titlestmt > titleproper","nyhs/ms3123_dey_genealogical_collection.xml",2
"ead > eadheader > filedesc > titlestmt > titleproper","nyhs/ms3125_edwin_kilroe.xml",2
"ead > eadheader > filedesc > titlestmt > titleproper","nyhs/ms3126_hanna.xml",2
"ead > eadheader > filedesc > titlestmt > titleproper","nyhs/ms3127_hart_budd_nestell.xml",2
"ead > eadheader > filedesc > titlestmt > titleproper","nyhs/ms3128_lynne_sagalyn.xml",2
"ead > eadheader > filedesc > titlestmt > titleproper","nyhs/ms3129_lindquist.xml",2
"ead > eadheader > filedesc > titlestmt > titleproper","nyhs/ms3130_price.xml",2
"ead > eadheader > filedesc > titlestmt > titleproper","nyhs/ms3131_ebenezer_baptist.xml",2
"ead > eadheader > filedesc > titlestmt > titleproper","nyhs/ms3132_blatchford_potter_delano.xml",2
"ead > eadheader > filedesc > titlestmt > titleproper","nyhs/ms3134_ron_spadafora.xml",2
"ead > eadheader > filedesc > titlestmt > titleproper","nyhs/ms3136_hopper_gibbons_lamartine.xml",4
"ead > eadheader > filedesc > titlestmt > titleproper","nyhs/ms3137_bill_cunningham.xml",2
"ead > eadheader > filedesc > titlestmt > titleproper","nyhs/ms3138_paul_ross.xml",2
"ead > eadheader > filedesc > titlestmt > titleproper","nyhs/ms3139_red_mill.xml",2
"ead > eadheader > filedesc > titlestmt > titleproper","nyhs/ms3140_hosack_memoranda.xml",2
"ead > eadheader > filedesc > titlestmt > titleproper","nyhs/ms3141_sons_of_the_north.xml",2
"ead > eadheader > filedesc > titlestmt > titleproper","nyhs/ms3142_laurax_murra.xml",2
"ead > eadheader > filedesc > titlestmt > titleproper","nyhs/ms3143_richards.xml",2
"ead > eadheader > filedesc > titlestmt > titleproper","nyhs/ms3144_livingston.xml",2
"ead > eadheader > filedesc > titlestmt > titleproper","nyhs/ms3145_merritt.xml",2
"ead > eadheader > filedesc > titlestmt > titleproper","nyhs/ms3146_wolfe_memorial_book.xml",2
"ead > eadheader > filedesc > titlestmt > titleproper","nyhs/ms3147_billie_jean_king.xml",2
"ead > eadheader > filedesc > titlestmt > titleproper","nyhs/ms3149_charcoals_manuscripts.xml",3
"ead > eadheader > filedesc > titlestmt > titleproper","nyhs/ms314_hudson_fulton_commission_records.xml",2
"ead > eadheader > filedesc > titlestmt > titleproper","nyhs/ms3150_taylor_jack.xml",2
"ead > eadheader > filedesc > titlestmt > titleproper","nyhs/ms3151_four_seasons.xml",2
"ead > eadheader > filedesc > titlestmt > titleproper","nyhs/ms3152_crane_goetz.xml",4
"ead > eadheader > filedesc > titlestmt > titleproper","nyhs/ms3153_samuel_parsons.xml",2
"ead > eadheader > filedesc > titlestmt > titleproper","nyhs/ms3155_lost_battalion.xml",2
"ead > eadheader > filedesc > titlestmt > titleproper","nyhs/ms3156_edgar_baker.xml",2
"ead > eadheader > filedesc > titlestmt > titleproper","nyhs/ms3157_brooke_astor.xml",2
"ead > eadheader > filedesc > titlestmt > titleproper","nyhs/ms3158_scrapbook_collection.xml",2
"ead > eadheader > filedesc > titlestmt > titleproper","nyhs/ms315_hudson_river_dayline.xml",2
"ead > eadheader > filedesc > titlestmt > titleproper","nyhs/ms316_robert_hunter.xml",2
"ead > eadheader > filedesc > titlestmt > titleproper","nyhs/ms3174_retha_sales.xml",2
"ead > eadheader > filedesc > titlestmt > titleproper","nyhs/ms3175_eugenia_flatow.xml",2
"ead > eadheader > filedesc > titlestmt > titleproper","nyhs/ms3180_record_of_wills.xml",3
"ead > eadheader > filedesc > titlestmt > titleproper","nyhs/ms3181_steinway.xml",3
"ead > eadheader > filedesc > titlestmt > titleproper","nyhs/ms3184_richard_patterson.xml",2
"ead > eadheader > filedesc > titlestmt > titleproper","nyhs/ms3186_archibald_murray.xml",2
"ead > eadheader > filedesc > titlestmt > titleproper","nyhs/ms3187_mcclellan_scrapbooks.xml",2
"ead > eadheader > filedesc > titlestmt > titleproper","nyhs/ms3189_clarence_lexow.xml",2
"ead > eadheader > filedesc > titlestmt > titleproper","nyhs/ms3190_hotel_association_nyc.xml",2
"ead > eadheader > filedesc > titlestmt > titleproper","nyhs/ms3191_sherrill_scrapbooks.xml",2
"ead > eadheader > filedesc > titlestmt > titleproper","nyhs/ms3192_charles_macauley.xml",2
"ead > eadheader > filedesc > titlestmt > titleproper","nyhs/ms3193_thomas_devoe_scrapbooks.xml",2
"ead > eadheader > filedesc > titlestmt > titleproper","nyhs/ms3195_harriet_laidlaw.xml",2
"ead > eadheader > filedesc > titlestmt > titleproper","nyhs/ms3197_bush.xml",2
"ead > eadheader > filedesc > titlestmt > titleproper","nyhs/ms3198_garrigue.xml",2
"ead > eadheader > filedesc > titlestmt > titleproper","nyhs/ms3199_womens_sports.xml",2
"ead > eadheader > filedesc > titlestmt > titleproper","nyhs/ms319_james_hazen_hyde.xml",2
"ead > eadheader > filedesc > titlestmt > titleproper","nyhs/ms31_b_altman_co.xml",2
"ead > eadheader > filedesc > titlestmt > titleproper","nyhs/ms3200_teen_coronavirus_diaries.xml",2
"ead > eadheader > filedesc > titlestmt > titleproper","nyhs/ms3201_military_order_foreign_wars_ny.xml",2
"ead > eadheader > filedesc > titlestmt > titleproper","nyhs/ms3202_bernfeld_puppet.xml",2
"ead > eadheader > filedesc > titlestmt > titleproper","nyhs/ms3203_beatrice_sidney_berry.xml",2
"ead > eadheader > filedesc > titlestmt > titleproper","nyhs/ms3205_victorian_society_metrony.xml",2
"ead > eadheader > filedesc > titlestmt > titleproper","nyhs/ms3206_elizabeth_barlow_rogers.xml",2
"ead > eadheader > filedesc > titlestmt > titleproper","nyhs/ms3208_women_poets_nyc.xml",2
"ead > eadheader > filedesc > titlestmt > titleproper","nyhs/ms3209_joann_mayer_mullen.xml",2
"ead > eadheader > filedesc > titlestmt > titleproper","nyhs/ms3210_nysociety_new_church.xml",2
"ead > eadheader > filedesc > titlestmt > titleproper","nyhs/ms3211_maclay_mudge.xml",2
"ead > eadheader > filedesc > titlestmt > titleproper","nyhs/ms3212_p_adem_carroll.xml",2
"ead > eadheader > filedesc > titlestmt > titleproper","nyhs/ms3213_ketterer.xml",2
"ead > eadheader > filedesc > titlestmt > titleproper","nyhs/ms3215_kathryn_greenberg.xml",2
"ead > eadheader > filedesc > titlestmt > titleproper","nyhs/ms3216_rebuild_by_design.xml",2
"ead > eadheader > filedesc > titlestmt > titleproper","nyhs/ms3217_tough_club.xml",2
"ead > eadheader > filedesc > titlestmt > titleproper","nyhs/ms3219_burton_churches.xml",2
"ead > eadheader > filedesc > titlestmt > titleproper","nyhs/ms3220_dyar_annette.xml",2
"ead > eadheader > filedesc > titlestmt > titleproper","nyhs/ms3221_cf_mckim_letters.xml",2
"ead > eadheader > filedesc > titlestmt > titleproper","nyhs/ms3222_fontana_vincent.xml",2
"ead > eadheader > filedesc > titlestmt > titleproper","nyhs/ms3223_lawrence_lewis.xml",2
"ead > eadheader > filedesc > titlestmt > titleproper","nyhs/ms3224_hill_jane_hoover.xml",2
"ead > eadheader > filedesc > titlestmt > titleproper","nyhs/ms3225_patrick_sullivan_diaries.xml",2
"ead > eadheader > filedesc > titlestmt > titleproper","nyhs/ms3227_marble_hill_nursery_school.xml",2
"ead > eadheader > filedesc > titlestmt > titleproper","nyhs/ms3228_gouldfrank_papers.xml",2
"ead > eadheader > filedesc > titlestmt > titleproper","nyhs/ms3229_hunt_papers.xml",2
"ead > eadheader > filedesc > titlestmt > titleproper","nyhs/ms322_indigeneous_peoples_america_collection.xml",2
"ead > eadheader > filedesc > titlestmt > titleproper","nyhs/ms3231_nypd_blotters.xml",2
"ead > eadheader > filedesc > titlestmt > titleproper","nyhs/ms3232_skenazy.xml",5
"ead > eadheader > filedesc > titlestmt > titleproper","nyhs/ms3233_morse_jamesherbert.xml",2
"ead > eadheader > filedesc > titlestmt > titleproper","nyhs/ms3234_kelby_st_pauls.xml",2
"ead > eadheader > filedesc > titlestmt > titleproper","nyhs/ms3235_mattson_harry.xml",2
"ead > eadheader > filedesc > titlestmt > titleproper","nyhs/ms3236_havens_letters.xml",2
"ead > eadheader > filedesc > titlestmt > titleproper","nyhs/ms3237_hendrick_institute.xml",2
"ead > eadheader > filedesc > titlestmt > titleproper","nyhs/ms3238_wilson_frank_family.xml",2
"ead > eadheader > filedesc > titlestmt > titleproper","nyhs/ms3239_william_c_burdick_account_book.xml",2
"ead > eadheader > filedesc > titlestmt > titleproper","nyhs/ms3240_goldberg_wac.xml",2
"ead > eadheader > filedesc > titlestmt > titleproper","nyhs/ms3241_champion_george.xml",2
"ead > eadheader > filedesc > titlestmt > titleproper","nyhs/ms3244_lawrence_family.xml",2
"ead > eadheader > filedesc > titlestmt > titleproper","nyhs/ms3245_mccartee_peter.xml",2
"ead > eadheader > filedesc > titlestmt > titleproper","nyhs/ms325_irving_olds.xml",2
"ead > eadheader > filedesc > titlestmt > titleproper","nyhs/ms330_john_jay_papers.xml",2
"ead > eadheader > filedesc > titlestmt > titleproper","nyhs/ms335_emma_juliand.xml",2
"ead > eadheader > filedesc > titlestmt > titleproper","nyhs/ms341_kellogg_family.xml",2
"ead > eadheader > filedesc > titlestmt > titleproper","nyhs/ms344_john_tabor_kempe.xml",2
"ead > eadheader > filedesc > titlestmt > titleproper","nyhs/ms346_keppler_family.xml",2
"ead > eadheader > filedesc > titlestmt > titleproper","nyhs/ms347_foundling_hospital.xml",2
"ead > eadheader > filedesc > titlestmt > titleproper","nyhs/ms348_kimball_family.xml",2
"ead > eadheader > filedesc > titlestmt > titleproper","nyhs/ms34_shelby_eleanor_baker.xml",2
"ead > eadheader > filedesc > titlestmt > titleproper","nyhs/ms350_king_family_papers.xml",2
"ead > eadheader > filedesc > titlestmt > titleproper","nyhs/ms351_john_alsop_king.xml",2
"ead > eadheader > filedesc > titlestmt > titleproper","nyhs/ms354_henry_theo_kitson.xml",3
"ead > eadheader > filedesc > titlestmt > titleproper","nyhs/ms358_george_kunz.xml",2
"ead > eadheader > filedesc > titlestmt > titleproper","nyhs/ms359_ladies_christian_union.xml",2
"ead > eadheader > filedesc > titlestmt > titleproper","nyhs/ms362_martha_lamb.xml",2
"ead > eadheader > filedesc > titlestmt > titleproper","nyhs/ms365_leonard_larsen.xml",2
"ead > eadheader > filedesc > titlestmt > titleproper","nyhs/ms377_leake_watts_childrens_home.xml",2
"ead > eadheader > filedesc > titlestmt > titleproper","nyhs/ms381_leverich_family.xml",2
"ead > eadheader > filedesc > titlestmt > titleproper","nyhs/ms382_florence_nightingale_levy.xml",2
"ead > eadheader > filedesc > titlestmt > titleproper","nyhs/ms383_morgan_lewis.xml",2
"ead > eadheader > filedesc > titlestmt > titleproper","nyhs/ms389_fred_lockley.xml",2
"ead > eadheader > filedesc > titlestmt > titleproper","nyhs/ms392_1_nicholas_low.xml",2
"ead > eadheader > filedesc > titlestmt > titleproper","nyhs/ms393_dewayne_lundgren.xml",2
"ead > eadheader > filedesc > titlestmt > titleproper","nyhs/ms399_stevenson_macwhinney.xml",2
"ead > eadheader > filedesc > titlestmt > titleproper","nyhs/ms39_goldsboro_banyar_family.xml",2
"ead > eadheader > filedesc > titlestmt > titleproper","nyhs/ms3_cyrus_adler.xml",2
"ead > eadheader > filedesc > titlestmt > titleproper","nyhs/ms406_margot_mayo.xml",2
"ead > eadheader > filedesc > titlestmt > titleproper","nyhs/ms427_gouverneur_morris_jr.xml",2
"ead > eadheader > filedesc > titlestmt > titleproper","nyhs/ms438_edgar_nathan.xml",2
"ead > eadheader > filedesc > titlestmt > titleproper","nyhs/ms439_16_john_ericsson.xml",2
"ead > eadheader > filedesc > titlestmt > titleproper","nyhs/ms439_17_gustavus_vasa_fox.xml",2
"ead > eadheader > filedesc > titlestmt > titleproper","nyhs/ms439_21_caspar_goodrich.xml",2
"ead > eadheader > filedesc > titlestmt > titleproper","nyhs/ms439_53_naval_history_society_records.xml",2
"ead > eadheader > filedesc > titlestmt > titleproper","nyhs/ms439_naval_history_society_collection.xml",2
"ead > eadheader > filedesc > titlestmt > titleproper","nyhs/ms440_sigmund_margaret_nestor.xml",2
"ead > eadheader > filedesc > titlestmt > titleproper","nyhs/ms443_13_new_york_crystal_palace.xml",2
"ead > eadheader > filedesc > titlestmt > titleproper","nyhs/ms443_19_nyc_misc_manuscripts.xml",3
"ead > eadheader > filedesc > titlestmt > titleproper","nyhs/ms443_20_nursery_childs_hospital.xml",2
"ead > eadheader > filedesc > titlestmt > titleproper","nyhs/ms443_28_tavern_licenses.xml",2
"ead > eadheader > filedesc > titlestmt > titleproper","nyhs/ms443_30_washington_arch.xml",2
"ead > eadheader > filedesc > titlestmt > titleproper","nyhs/ms443_9_stmarks_church_bowery.xml",2
"ead > eadheader > filedesc > titlestmt > titleproper","nyhs/ms444_nyc100_records.xml",2
"ead > eadheader > filedesc > titlestmt > titleproper","nyhs/ms446_nyexchange_womens_work.xml",2
"ead > eadheader > filedesc > titlestmt > titleproper","nyhs/ms449_produce_exchange.xml",2
"ead > eadheader > filedesc > titlestmt > titleproper","nyhs/ms458_nixon_impeach_inquiry.xml",3
"ead > eadheader > filedesc > titlestmt > titleproper","nyhs/ms460_nutting_family.xml",2
"ead > eadheader > filedesc > titlestmt > titleproper","nyhs/ms464_henry_oreilly.xml",2
"ead > eadheader > filedesc > titlestmt > titleproper","nyhs/ms474_osborn_family.xml",2
"ead > eadheader > filedesc > titlestmt > titleproper","nyhs/ms475_william_paine.xml",2
"ead > eadheader > filedesc > titlestmt > titleproper","nyhs/ms477_1_paltsits.xml",3
"ead > eadheader > filedesc > titlestmt > titleproper","nyhs/ms477_victor_paltsits_ulster_county.xml",2
"ead > eadheader > filedesc > titlestmt > titleproper","nyhs/ms481_parsons_family.xml",2
"ead > eadheader > filedesc > titlestmt > titleproper","nyhs/ms483_nathaniel_pendleton.xml",2
"ead > eadheader > filedesc > titlestmt > titleproper","nyhs/ms488_otto_pickhardt.xml",2
"ead > eadheader > filedesc > titlestmt > titleproper","nyhs/ms490_john_pintard.xml",2
"ead > eadheader > filedesc > titlestmt > titleproper","nyhs/ms498_provost_marshal_7th_congdist.xml",2
"ead > eadheader > filedesc > titlestmt > titleproper","nyhs/ms513_ray_family.xml",2
"ead > eadheader > filedesc > titlestmt > titleproper","nyhs/ms518_relyea_family.xml",2
"ead > eadheader > filedesc > titlestmt > titleproper","nyhs/ms51_beekman_family.xml",2
"ead > eadheader > filedesc > titlestmt > titleproper","nyhs/ms520_ms2309_robinson_family.xml",2
"ead > eadheader > filedesc > titlestmt > titleproper","nyhs/ms523_john_rogers_family.xml",2
"ead > eadheader > filedesc > titlestmt > titleproper","nyhs/ms532_rutherfurd_family.xml",2
"ead > eadheader > filedesc > titlestmt > titleproper","nyhs/ms533_john_rutherfurd.xml",2
"ead > eadheader > filedesc > titlestmt > titleproper","nyhs/ms544_schenectady.xml",2
"ead > eadheader > filedesc > titlestmt > titleproper","nyhs/ms549_scovill_manufacturing.xml",2
"ead > eadheader > filedesc > titlestmt > titleproper","nyhs/ms552_seaman_family.xml",2
"ead > eadheader > filedesc > titlestmt > titleproper","nyhs/ms556_7th_ny_regiment.xml",2
"ead > eadheader > filedesc > titlestmt > titleproper","nyhs/ms557_george_frederick_seward.xml",2
"ead > eadheader > filedesc > titlestmt > titleproper","nyhs/ms563_ships_and_shipping.xml",2
"ead > eadheader > filedesc > titlestmt > titleproper","nyhs/ms565_franz_sigel.xml",2
"ead > eadheader > filedesc > titlestmt > titleproper","nyhs/ms569_slavery_collection.xml",2
"ead > eadheader > filedesc > titlestmt > titleproper","nyhs/ms575_stebbins_smith.xml",2
"ead > eadheader > filedesc > titlestmt > titleproper","nyhs/ms580_david_span.xml",2
"ead > eadheader > filedesc > titlestmt > titleproper","nyhs/ms58_bernheimer.xml",2
"ead > eadheader > filedesc > titlestmt > titleproper","nyhs/ms590_john_stephens_notes.xml",2
"ead > eadheader > filedesc > titlestmt > titleproper","nyhs/ms591_friedrich_von_steuben.xml",2
"ead > eadheader > filedesc > titlestmt > titleproper","nyhs/ms592_ebenezer_stevens.xml",2
"ead > eadheader > filedesc > titlestmt > titleproper","nyhs/ms594_stewart.xml",2
"ead > eadheader > filedesc > titlestmt > titleproper","nyhs/ms599_james_wells_sons.xml",2
"ead > eadheader > filedesc > titlestmt > titleproper","nyhs/ms59_bible_fruit_mission.xml",2
"ead > eadheader > filedesc > titlestmt > titleproper","nyhs/ms602_strong_family_papers.xml",2
"ead > eadheader > filedesc > titlestmt > titleproper","nyhs/ms605_stuyvesant_rutherfurd_papers.xml",2
"ead > eadheader > filedesc > titlestmt > titleproper","nyhs/ms607_william_sulzer.xml",2
"ead > eadheader > filedesc > titlestmt > titleproper","nyhs/ms612_matthias_tallmadge.xml",2
"ead > eadheader > filedesc > titlestmt > titleproper","nyhs/ms613_taylor_genet.xml",2
"ead > eadheader > filedesc > titlestmt > titleproper","nyhs/ms615_john_taylor.xml",2
"ead > eadheader > filedesc > titlestmt > titleproper","nyhs/ms618_sons_temperance_montauk.xml",2
"ead > eadheader > filedesc > titlestmt > titleproper","nyhs/ms61_edwin_howland_blashfield.xml",2
"ead > eadheader > filedesc > titlestmt > titleproper","nyhs/ms631_tontine_coffee_house.xml",2
"ead > eadheader > filedesc > titlestmt > titleproper","nyhs/ms635_travelers_aid.xml",2
"ead > eadheader > filedesc > titlestmt > titleproper","nyhs/ms639_ms2561_john_trumbull.xml",2
"ead > eadheader > filedesc > titlestmt > titleproper","nyhs/ms645_ulster_county_collection.xml",2
"ead > eadheader > filedesc > titlestmt > titleproper","nyhs/ms653_van_ness_philip_family.xml",2
"ead > eadheader > filedesc > titlestmt > titleproper","nyhs/ms654_aaron_vanderbilt.xml",2
"ead > eadheader > filedesc > titlestmt > titleproper","nyhs/ms655_richard_varick.xml",2
"ead > eadheader > filedesc > titlestmt > titleproper","nyhs/ms670_14_civil_war_collection.xml",2
"ead > eadheader > filedesc > titlestmt > titleproper","nyhs/ms670_19_73rd_regiment.xml",2
"ead > eadheader > filedesc > titlestmt > titleproper","nyhs/ms670_24_david_ludlow_thompson.xml",2
"ead > eadheader > filedesc > titlestmt > titleproper","nyhs/ms670_25_caspar_trepp.xml",2
"ead > eadheader > filedesc > titlestmt > titleproper","nyhs/ms670_5_alexander_robert_chisolm.xml",2
"ead > eadheader > filedesc > titlestmt > titleproper","nyhs/ms670_6_john_coke_confederate_army.xml",3
"ead > eadheader > filedesc > titlestmt > titleproper","nyhs/ms670_7_confederate_states_collection.xml",2
"ead > eadheader > filedesc > titlestmt > titleproper","nyhs/ms670_9_david_edward_cronin.xml",2
"ead > eadheader > filedesc > titlestmt > titleproper","nyhs/ms671_1_lewis_shaw.xml",2
"ead > eadheader > filedesc > titlestmt > titleproper","nyhs/ms671_world_war1_collection.xml",2
"ead > eadheader > filedesc > titlestmt > titleproper","nyhs/ms672_1_herbert_adickes.xml",2
"ead > eadheader > filedesc > titlestmt > titleproper","nyhs/ms672_world_war2_collection.xml",2
"ead > eadheader > filedesc > titlestmt > titleproper","nyhs/ms678_washington_square_park_redevelopment.xml",2
"ead > eadheader > filedesc > titlestmt > titleproper","nyhs/ms681_watts_jones_family.xml",2
"ead > eadheader > filedesc > titlestmt > titleproper","nyhs/ms683_weda_records.xml",2
"ead > eadheader > filedesc > titlestmt > titleproper","nyhs/ms686_benjamin_weinberg.xml",2
"ead > eadheader > filedesc > titlestmt > titleproper","nyhs/ms687_weiss_klau_company.xml",2
"ead > eadheader > filedesc > titlestmt > titleproper","nyhs/ms68_bernard_botein.xml",2
"ead > eadheader > filedesc > titlestmt > titleproper","nyhs/ms692_richard_grant_white.xml",2
"ead > eadheader > filedesc > titlestmt > titleproper","nyhs/ms693_stanford_white.xml",2
"ead > eadheader > filedesc > titlestmt > titleproper","nyhs/ms698_williams_family_papers.xml",2
"ead > eadheader > filedesc > titlestmt > titleproper","nyhs/ms69_william_oland_bourne.xml",2
"ead > eadheader > filedesc > titlestmt > titleproper","nyhs/ms71_luther_bradish.xml",2
"ead > eadheader > filedesc > titlestmt > titleproper","nyhs/ms72_martha_bradstreet.xml",2
"ead > eadheader > filedesc > titlestmt > titleproper","nyhs/ms747_african_free_school.xml",2
"ead > eadheader > filedesc > titlestmt > titleproper","nyhs/ms74_broadway_tabernacle.xml",2
"ead > eadheader > filedesc > titlestmt > titleproper","nyhs/ms78_brown_brothers_harriman.xml",2
"ead > eadheader > filedesc > titlestmt > titleproper","nyhs/ms796_benedict_arnold_letter_volume.xml",2
"ead > eadheader > filedesc > titlestmt > titleproper","nyhs/ms801_association_relief_females.xml",2
"ead > eadheader > filedesc > titlestmt > titleproper","nyhs/ms80_herman_brown.xml",2
"ead > eadheader > filedesc > titlestmt > titleproper","nyhs/ms86_adele_buchalter.xml",2
"ead > eadheader > filedesc > titlestmt > titleproper","nyhs/ms89_burling_family.xml",2
"ead > eadheader > filedesc > titlestmt > titleproper","nyhs/ms8_alexander_papers.xml",2
"ead > eadheader > filedesc > titlestmt > titleproper","nyhs/ms937_mabel_newton_betticher.xml",2
"ead > eadheader > filedesc > titlestmt > titleproper","nyhs/ms93_georgep_butler.xml",2
"ead > eadheader > filedesc > titlestmt > titleproper","nyhs/ms94_butler_laing.xml",2
"ead > eadheader > filedesc > titlestmt > titleproper","nyhs/ms963_sara_hoexter_blumenthal.xml",2
"ead > eadheader > filedesc > titlestmt > titleproper","nyhs/ms96_william_louis_calver.xml",2
"ead > eadheader > filedesc > titlestmt > titleproper","nyhs/ms98_campbell_mumford.xml",2
"ead > eadheader > filedesc > titlestmt > titleproper","nyhs/nyhs_archives_rg00_overview.xml",2
"ead > eadheader > filedesc > titlestmt > titleproper","nyhs/nyhs_archives_rg01.xml",2
"ead > eadheader > filedesc > titlestmt > titleproper","nyhs/nyhs_archives_rg02.xml",2
"ead > eadheader > filedesc > titlestmt > titleproper","nyhs/nyhs_archives_rg03.xml",2
"ead > eadheader > filedesc > titlestmt > titleproper","nyhs/nyhs_archives_rg04.xml",2
"ead > eadheader > filedesc > titlestmt > titleproper","nyhs/nyhs_archives_rg05.xml",2
"ead > eadheader > filedesc > titlestmt > titleproper","nyhs/nyhs_archives_rg06.xml",2
"ead > eadheader > filedesc > titlestmt > titleproper","nyhs/nyhs_archives_rg07.xml",2
"ead > eadheader > filedesc > titlestmt > titleproper","nyhs/nyhs_archives_rg08.xml",2
"ead > eadheader > filedesc > titlestmt > titleproper","nyhs/nyhs_archives_rg09.xml",2
"ead > eadheader > filedesc > titlestmt > titleproper","nyhs/nyhs_archives_rg10.xml",2
"ead > eadheader > filedesc > titlestmt > titleproper","nyhs/nyhs_archives_rg11.xml",2
"ead > eadheader > filedesc > titlestmt > titleproper","nyhs/nyhs_archives_rg12.xml",2
"ead > eadheader > filedesc > titlestmt > titleproper","nyhs/nyhs_archives_rg13.xml",2
"ead > eadheader > filedesc > titlestmt > titleproper","nyhs/nyhs_archives_rg14.xml",2
"ead > eadheader > filedesc > titlestmt > titleproper","nyhs/nyhs_archives_rg15.xml",2
"ead > eadheader > filedesc > titlestmt > titleproper","nyhs/nyhs_archives_rg16.xml",2
"ead > eadheader > filedesc > titlestmt > titleproper","nyhs/nyhs_archives_rg17.xml",2
"ead > eadheader > filedesc > titlestmt > titleproper","nyhs/nyhs_archives_rg18.xml",2
"ead > eadheader > filedesc > titlestmt > titleproper","nyhs/nyhs_archives_rg19.xml",2
"ead > eadheader > filedesc > titlestmt > titleproper","nyhs/nyhs_archives_rg20.xml",2
"ead > eadheader > filedesc > titlestmt > titleproper","nyhs/nyhs_archives_rg21.xml",2
"ead > eadheader > filedesc > titlestmt > titleproper","nyhs/nyhs_archives_rg23.xml",2
"ead > eadheader > filedesc > titlestmt > titleproper","nyhs/nyhs_archives_rg24.xml",2
"ead > eadheader > filedesc > titlestmt > titleproper","nyhs/nyhs_archives_rg26.xml",2
"ead > eadheader > filedesc > titlestmt > titleproper","nyhs/nyhs_archives_rg28.xml",2
"ead > eadheader > filedesc > titlestmt > titleproper","nyhs/oh2_columbus_ave_upper_west.xml",2
"ead > eadheader > filedesc > titlestmt > titleproper","nyhs/pc001_mcloughlin_woodblocks.xml",2
"ead > eadheader > filedesc > titlestmt > titleproper","nyhs/pm1_mulveyreyes_anthony.xml",2
"ead > eadheader > filedesc > titlestmt > titleproper","nyhs/pm2_nyhs_vertical_files.xml",1
"ead > eadheader > filedesc > titlestmt > titleproper","nyhs/pr001_john_albok.xml",2
"ead > eadheader > filedesc > titlestmt > titleproper","nyhs/pr002_album_collection.xml",3
"ead > eadheader > filedesc > titlestmt > titleproper","nyhs/pr003_architects_engineers.xml",2
"ead > eadheader > filedesc > titlestmt > titleproper","nyhs/pr004_jessie_tarbox_beals.xml",2
"ead > eadheader > filedesc > titlestmt > titleproper","nyhs/pr005_billboard_photographs.xml",2
"ead > eadheader > filedesc > titlestmt > titleproper","nyhs/pr007_james_boyd_etchings.xml",2
"ead > eadheader > filedesc > titlestmt > titleproper","nyhs/pr008_robert_bracklow.xml",2
"ead > eadheader > filedesc > titlestmt > titleproper","nyhs/pr009_irving_browning_photos.xml",2
"ead > eadheader > filedesc > titlestmt > titleproper","nyhs/pr010_1_volck_confederate_war_etchings.xml",2
"ead > eadheader > filedesc > titlestmt > titleproper","nyhs/pr010_caricatures.xml",2
"ead > eadheader > filedesc > titlestmt > titleproper","nyhs/pr011_carte_de_visite.xml",3
"ead > eadheader > filedesc > titlestmt > titleproper","nyhs/pr012_cased_images_collection.xml",2
"ead > eadheader > filedesc > titlestmt > titleproper","nyhs/pr014_certificate_collection.xml",2
"ead > eadheader > filedesc > titlestmt > titleproper","nyhs/pr015_arthur_chapman.xml",2
"ead > eadheader > filedesc > titlestmt > titleproper","nyhs/pr016_alexander_jackson_davis.xml",2
"ead > eadheader > filedesc > titlestmt > titleproper","nyhs/pr017_leslie_dorsey.xml",2
"ead > eadheader > filedesc > titlestmt > titleproper","nyhs/pr018_fifth_avenue_coach.xml",2
"ead > eadheader > filedesc > titlestmt > titleproper","nyhs/pr019_arnold_genthe.xml",2
"ead > eadheader > filedesc > titlestmt > titleproper","nyhs/pr020_geographic_images.xml",2
"ead > eadheader > filedesc > titlestmt > titleproper","nyhs/pr021_cass_gilbert.xml",2
"ead > eadheader > filedesc > titlestmt > titleproper","nyhs/pr022_graphic_arts_collection.xml",2
"ead > eadheader > filedesc > titlestmt > titleproper","nyhs/pr024_george_hall_son.xml",2
"ead > eadheader > filedesc > titlestmt > titleproper","nyhs/pr025_henry_havemeyer_statesmen.xml",2
"ead > eadheader > filedesc > titlestmt > titleproper","nyhs/pr026_mattie_hewitt_richard_smith.xml",2
"ead > eadheader > filedesc > titlestmt > titleproper","nyhs/pr027_hyde_allegorical_prints_continents.xml",2
"ead > eadheader > filedesc > titlestmt > titleproper","nyhs/pr028_frank_ingalls.xml",2
"ead > eadheader > filedesc > titlestmt > titleproper","nyhs/pr030_theron_kilmer.xml",2
"ead > eadheader > filedesc > titlestmt > titleproper","nyhs/pr031_bella_landauer_business_advertising.xml",2
"ead > eadheader > filedesc > titlestmt > titleproper","nyhs/pr032_lawrence.xml",3
"ead > eadheader > filedesc > titlestmt > titleproper","nyhs/pr037_william_light.xml",2
"ead > eadheader > filedesc > titlestmt > titleproper","nyhs/pr038_lighthouse_photographs.xml",2
"ead > eadheader > filedesc > titlestmt > titleproper","nyhs/pr039_pirie_macdonald.xml",2
"ead > eadheader > filedesc > titlestmt > titleproper","nyhs/pr040_john_mccomb_drawings.xml",2
"ead > eadheader > filedesc > titlestmt > titleproper","nyhs/pr041_burr_mcintosh.xml",2
"ead > eadheader > filedesc > titlestmt > titleproper","nyhs/pr042_mckim_mead_white.xml",2
"ead > eadheader > filedesc > titlestmt > titleproper","nyhs/pr043_mclaughlin_air_service_photos.xml",2
"ead > eadheader > filedesc > titlestmt > titleproper","nyhs/pr047_irving_olds_prints.xml",3
"ead > eadheader > filedesc > titlestmt > titleproper","nyhs/pr048_alexander_hatos.xml",2
"ead > eadheader > filedesc > titlestmt > titleproper","nyhs/pr049_harry_peters.xml",2
"ead > eadheader > filedesc > titlestmt > titleproper","nyhs/pr050_photographer_file.xml",2
"ead > eadheader > filedesc > titlestmt > titleproper","nyhs/pr051_calvin_pollard.xml",2
"ead > eadheader > filedesc > titlestmt > titleproper","nyhs/pr052_portrait_collection.xml",3
"ead > eadheader > filedesc > titlestmt > titleproper","nyhs/pr053_post.xml",2
"ead > eadheader > filedesc > titlestmt > titleproper","nyhs/pr054_postcard.xml",2
"ead > eadheader > filedesc > titlestmt > titleproper","nyhs/pr055_07_world_war1_posters.xml",2
"ead > eadheader > filedesc > titlestmt > titleproper","nyhs/pr055_08_world_war2_posters.xml",2
"ead > eadheader > filedesc > titlestmt > titleproper","nyhs/pr055_1_art_posters.xml",2
"ead > eadheader > filedesc > titlestmt > titleproper","nyhs/pr055_3_civil_war_posters.xml",2
"ead > eadheader > filedesc > titlestmt > titleproper","nyhs/pr056_victor_prevost.xml",2
"ead > eadheader > filedesc > titlestmt > titleproper","nyhs/pr058_printmaker_file.xml",2
"ead > eadheader > filedesc > titlestmt > titleproper","nyhs/pr061_ss_silver_company.xml",3
"ead > eadheader > filedesc > titlestmt > titleproper","nyhs/pr062_reuel_smith_springs_wells.xml",2
"ead > eadheader > filedesc > titlestmt > titleproper","nyhs/pr063_frederick_smyth.xml",2
"ead > eadheader > filedesc > titlestmt > titleproper","nyhs/pr064_john_snook_drawings.xml",2
"ead > eadheader > filedesc > titlestmt > titleproper","nyhs/pr065_1_civil_war_stereographs.xml",2
"ead > eadheader > filedesc > titlestmt > titleproper","nyhs/pr065_stereograph_collection.xml",2
"ead > eadheader > filedesc > titlestmt > titleproper","nyhs/pr066_george_stonebridge.xml",3
"ead > eadheader > filedesc > titlestmt > titleproper","nyhs/pr068_subject_file.xml",2
"ead > eadheader > filedesc > titlestmt > titleproper","nyhs/pr070_lantern_slides_collection.xml",2
"ead > eadheader > filedesc > titlestmt > titleproper","nyhs/pr071_trappan.xml",2
"ead > eadheader > filedesc > titlestmt > titleproper","nyhs/pr072_doris_ulmann.xml",2
"ead > eadheader > filedesc > titlestmt > titleproper","nyhs/pr073_winston_weisman.xml",3
"ead > eadheader > filedesc > titlestmt > titleproper","nyhs/pr074_edward_wenzel.xml",2
"ead > eadheader > filedesc > titlestmt > titleproper","nyhs/pr076_world_war2_photos.xml",2
"ead > eadheader > filedesc > titlestmt > titleproper","nyhs/pr079_oscar_fabres.xml",2
"ead > eadheader > filedesc > titlestmt > titleproper","nyhs/pr080_clarke_rapuano.xml",3
"ead > eadheader > filedesc > titlestmt > titleproper","nyhs/pr081_eugene_armbruster.xml",2
"ead > eadheader > filedesc > titlestmt > titleproper","nyhs/pr082_charles_gilbert_hine.xml",2
"ead > eadheader > filedesc > titlestmt > titleproper","nyhs/pr084_pach_brothers_portraits.xml",2
"ead > eadheader > filedesc > titlestmt > titleproper","nyhs/pr085_mathew_brady_studio.xml",2
"ead > eadheader > filedesc > titlestmt > titleproper","nyhs/pr086_samuel_hollyer_old_new_york.xml",2
"ead > eadheader > filedesc > titlestmt > titleproper","nyhs/pr089_bruce_davidson.xml",2
"ead > eadheader > filedesc > titlestmt > titleproper","nyhs/pr090_mel_rosenthal.xml",2
"ead > eadheader > filedesc > titlestmt > titleproper","nyhs/pr093_s_niewenhous_inc.xml",2
"ead > eadheader > filedesc > titlestmt > titleproper","nyhs/pr094_orrin_sage_wightman.xml",2
"ead > eadheader > filedesc > titlestmt > titleproper","nyhs/pr095_radio_entertainers.xml",3
"ead > eadheader > filedesc > titlestmt > titleproper","nyhs/pr096_edwin_martin.xml",2
"ead > eadheader > filedesc > titlestmt > titleproper","nyhs/pr097_arthur_grumbine.xml",2
"ead > eadheader > filedesc > titlestmt > titleproper","nyhs/pr098_olcott_hudson_river_steamboats.xml",2
"ead > eadheader > filedesc > titlestmt > titleproper","nyhs/pr099_charles_lefferts_military_prints.xml",2
"ead > eadheader > filedesc > titlestmt > titleproper","nyhs/pr101_jackson_edouart.xml",2
"ead > eadheader > filedesc > titlestmt > titleproper","nyhs/pr102_reich_portrait.xml",3
"ead > eadheader > filedesc > titlestmt > titleproper","nyhs/pr103_alexander_morgan_hamilton_family.xml",2
"ead > eadheader > filedesc > titlestmt > titleproper","nyhs/pr104_theatrical_portrait_collection.xml",3
"ead > eadheader > filedesc > titlestmt > titleproper","nyhs/pr105_james_rachel_powers.xml",2
"ead > eadheader > filedesc > titlestmt > titleproper","nyhs/pr108_raven_poetry_circle.xml",2
"ead > eadheader > filedesc > titlestmt > titleproper","nyhs/pr110_alexander_alland.xml",2
"ead > eadheader > filedesc > titlestmt > titleproper","nyhs/pr111_cross_brown.xml",2
"ead > eadheader > filedesc > titlestmt > titleproper","nyhs/pr113_james_martens.xml",2
"ead > eadheader > filedesc > titlestmt > titleproper","nyhs/pr115_playing_cards_games.xml",2
"ead > eadheader > filedesc > titlestmt > titleproper","nyhs/pr116_clipper_ship_cards.xml",2
"ead > eadheader > filedesc > titlestmt > titleproper","nyhs/pr117_patriotic_envelopes.xml",2
"ead > eadheader > filedesc > titlestmt > titleproper","nyhs/pr118_margaret_brown_dutch_houses.xml",2
"ead > eadheader > filedesc > titlestmt > titleproper","nyhs/pr120_degroot_family.xml",2
"ead > eadheader > filedesc > titlestmt > titleproper","nyhs/pr121_mabel_lathrop_harper.xml",2
"ead > eadheader > filedesc > titlestmt > titleproper","nyhs/pr122_john_rogers_photos.xml",2
"ead > eadheader > filedesc > titlestmt > titleproper","nyhs/pr123_lida_moser.xml",2
"ead > eadheader > filedesc > titlestmt > titleproper","nyhs/pr125_homer_davenport.xml",2
"ead > eadheader > filedesc > titlestmt > titleproper","nyhs/pr127_arthur_weindorf_subway.xml",2
"ead > eadheader > filedesc > titlestmt > titleproper","nyhs/pr128_frank_crane.xml",2
"ead > eadheader > filedesc > titlestmt > titleproper","nyhs/pr129_tiemann_company.xml",2
"ead > eadheader > filedesc > titlestmt > titleproper","nyhs/pr131_herbert_chester.xml",2
"ead > eadheader > filedesc > titlestmt > titleproper","nyhs/pr132_lucius_cathan.xml",2
"ead > eadheader > filedesc > titlestmt > titleproper","nyhs/pr135_jennings_family.xml",2
"ead > eadheader > filedesc > titlestmt > titleproper","nyhs/pr138_eugene_livingston_family.xml",2
"ead > eadheader > filedesc > titlestmt > titleproper","nyhs/pr142_durr_print.xml",3
"ead > eadheader > filedesc > titlestmt > titleproper","nyhs/pr143_bryan_gallery.xml",2
"ead > eadheader > filedesc > titlestmt > titleproper","nyhs/pr144_pictorial_lettersheet.xml",2
"ead > eadheader > filedesc > titlestmt > titleproper","nyhs/pr145_issachar_cozzens.xml",2
"ead > eadheader > filedesc > titlestmt > titleproper","nyhs/pr148_raymond_hood.xml",2
"ead > eadheader > filedesc > titlestmt > titleproper","nyhs/pr149_bella_landauer_writings_reference.xml",2
"ead > eadheader > filedesc > titlestmt > titleproper","nyhs/pr151_european_prints.xml",2
"ead > eadheader > filedesc > titlestmt > titleproper","nyhs/pr154_reeves_elevated_railroads.xml",2
"ead > eadheader > filedesc > titlestmt > titleproper","nyhs/pr157_jerry_spagnoli.xml",2
"ead > eadheader > filedesc > titlestmt > titleproper","nyhs/pr159_art_union_prints.xml",2
"ead > eadheader > filedesc > titlestmt > titleproper","nyhs/pr160_society_iconophiles_prints.xml",2
"ead > eadheader > filedesc > titlestmt > titleproper","nyhs/pr161_paper_dolls.xml",2
"ead > eadheader > filedesc > titlestmt > titleproper","nyhs/pr162_john_james_audubon_prints.xml",2
"ead > eadheader > filedesc > titlestmt > titleproper","nyhs/pr164_civil_war_photographs.xml",2
"ead > eadheader > filedesc > titlestmt > titleproper","nyhs/pr166_steinway_sons_collection.xml",2
"ead > eadheader > filedesc > titlestmt > titleproper","nyhs/pr170_emery_roth.xml",2
"ead > eadheader > filedesc > titlestmt > titleproper","nyhs/pr175_harvey_wang.xml",2
"ead > eadheader > filedesc > titlestmt > titleproper","nyhs/pr179_norman_weisberg.xml",2
"ead > eadheader > filedesc > titlestmt > titleproper","nyhs/pr181_william_roege.xml",2
"ead > eadheader > filedesc > titlestmt > titleproper","nyhs/pr182_salmagundi_club.xml",2
"ead > eadheader > filedesc > titlestmt > titleproper","nyhs/pr183_burhan_dogancay.xml",2
"ead > eadheader > filedesc > titlestmt > titleproper","nyhs/pr185_stella_snead.xml",2
"ead > eadheader > filedesc > titlestmt > titleproper","nyhs/pr188_lewis_hine_newsies.xml",2
"ead > eadheader > filedesc > titlestmt > titleproper","nyhs/pr190_ruth_orkin.xml",2
"ead > eadheader > filedesc > titlestmt > titleproper","nyhs/pr193_kerner.xml",2
"ead > eadheader > filedesc > titlestmt > titleproper","nyhs/pr194_morris_huberland.xml",2
"ead > eadheader > filedesc > titlestmt > titleproper","nyhs/pr195_harold_roth.xml",2
"ead > eadheader > filedesc > titlestmt > titleproper","nyhs/pr196_white.xml",2
"ead > eadheader > filedesc > titlestmt > titleproper","nyhs/pr203_wright_photographs.xml",2
"ead > eadheader > filedesc > titlestmt > titleproper","nyhs/pr205_muybridge.xml",2
"ead > eadheader > filedesc > titlestmt > titleproper","nyhs/pr207_andreas_feininger.xml",2
"ead > eadheader > filedesc > titlestmt > titleproper","nyhs/pr208_larry_racioppo.xml",2
"ead > eadheader > filedesc > titlestmt > titleproper","nyhs/pr209_irwin_silver.xml",2
"ead > eadheader > filedesc > titlestmt > titleproper","nyhs/pr210_imperial_portrait_photos.xml",2
"ead > eadheader > filedesc > titlestmt > titleproper","nyhs/pr213_nys_legislature_portraits.xml",2
"ead > eadheader > filedesc > titlestmt > titleproper","nyhs/pr215_robert_lester.xml",2
"ead > eadheader > filedesc > titlestmt > titleproper","nyhs/pr216_alexander_anderson.xml",2
"ead > eadheader > filedesc > titlestmt > titleproper","nyhs/pr217_john_hill_prints.xml",2
"ead > eadheader > filedesc > titlestmt > titleproper","nyhs/pr218_george_bradley.xml",2
"ead > eadheader > filedesc > titlestmt > titleproper","nyhs/pr219_johnston.xml",2
"ead > eadheader > filedesc > titlestmt > titleproper","nyhs/pr220_william_james_bennett.xml",2
"ead > eadheader > filedesc > titlestmt > titleproper","nyhs/pr221_asher_durand_prints.xml",2
"ead > eadheader > filedesc > titlestmt > titleproper","nyhs/pr223_costume_ball_photographs.xml",2
"ead > eadheader > filedesc > titlestmt > titleproper","nyhs/pr225_imbert.xml",2
"ead > eadheader > filedesc > titlestmt > titleproper","nyhs/pr226_saint_memin.xml",2
"ead > eadheader > filedesc > titlestmt > titleproper","nyhs/pr228_borne.xml",2
"ead > eadheader > filedesc > titlestmt > titleproper","nyhs/pr230_currier_ives.xml",2
"ead > eadheader > filedesc > titlestmt > titleproper","nyhs/pr235_helen_stummer.xml",2
"ead > eadheader > filedesc > titlestmt > titleproper","nyhs/pr237_elizabeth_ransom.xml",2
"ead > eadheader > filedesc > titlestmt > titleproper","nyhs/pr241_voice.xml",3
"ead > eadheader > filedesc > titlestmt > titleproper","nyhs/pr244_william_adams_delano.xml",2
"ead > eadheader > filedesc > titlestmt > titleproper","nyhs/pr247_lockwood_sanford.xml",2
"ead > eadheader > filedesc > titlestmt > titleproper","nyhs/pr248_eugene_gordon.xml",2
"ead > eadheader > filedesc > titlestmt > titleproper","nyhs/pr250_robert_benney.xml",2
"ead > eadheader > filedesc > titlestmt > titleproper","nyhs/pr251_lower_east_side_photos.xml",2
"ead > eadheader > filedesc > titlestmt > titleproper","nyhs/pr252_john_vrooman.xml",2
"ead > eadheader > filedesc > titlestmt > titleproper","nyhs/pr254_stanley_rosenberg.xml",2
"ead > eadheader > filedesc > titlestmt > titleproper","nyhs/pr255_harry_tarzian.xml",3
"ead > eadheader > filedesc > titlestmt > titleproper","nyhs/pr256_daniel_huntington_study_portraits.xml",2
"ead > eadheader > filedesc > titlestmt > titleproper","nyhs/pr257_manhattan_graphics_center_911.xml",2
"ead > eadheader > filedesc > titlestmt > titleproper","nyhs/pr258_here_is_new_york.xml",2
"ead > eadheader > filedesc > titlestmt > titleproper","nyhs/pr263_leo_hershkowitz_newspaper_illustrations.xml",2
"ead > eadheader > filedesc > titlestmt > titleproper","nyhs/pr264_ephemera_collection.xml",2
"ead > eadheader > filedesc > titlestmt > titleproper","nyhs/pr265_mcguigan_chapman_etchings.xml",2
"ead > eadheader > filedesc > titlestmt > titleproper","nyhs/pr266_american_west_photos.xml",2
"ead > eadheader > filedesc > titlestmt > titleproper","nyhs/pr267_erika_stone.xml",3
"ead > eadheader > filedesc > titlestmt > titleproper","nyhs/pr268_hudson_fulton_pictorial.xml",2
"ead > eadheader > filedesc > titlestmt > titleproper","nyhs/pr269_carl_lobozza.xml",2
"ead > eadheader > filedesc > titlestmt > titleproper","nyhs/pr270_harris_pierce.xml",2
"ead > eadheader > filedesc > titlestmt > titleproper","nyhs/pr272_detroit_publishing.xml",2
"ead > eadheader > filedesc > titlestmt > titleproper","nyhs/pr274_ben_brown_ww2_drawings.xml",2
"ead > eadheader > filedesc > titlestmt > titleproper","nyhs/pr275_schmidt.xml",2
"ead > eadheader > filedesc > titlestmt > titleproper","nyhs/pr277_ny_chamber_commerce.xml",2
"ead > eadheader > filedesc > titlestmt > titleproper","nyhs/pr278_photographic_slides_collection.xml",2
"ead > eadheader > filedesc > titlestmt > titleproper","nyhs/pr280_ernst_cohen.xml",2
"ead > eadheader > filedesc > titlestmt > titleproper","nyhs/pr281_jacquelyn_ottman_lithographing.xml",2
"ead > eadheader > filedesc > titlestmt > titleproper","nyhs/pr282_frank_pagliaro_construction.xml",2
"ead > eadheader > filedesc > titlestmt > titleproper","nyhs/pr283_gillespie_worlds_fair.xml",3
"ead > eadheader > filedesc > titlestmt > titleproper","nyhs/pr285_john_elari.xml",2
"ead > eadheader > filedesc > titlestmt > titleproper","nyhs/pr287_david_mark_olds_ww2.xml",2
"ead > eadheader > filedesc > titlestmt > titleproper","nyhs/pr288_yasinow_thomas_nast.xml",2
"ead > eadheader > filedesc > titlestmt > titleproper","nyhs/pr289_jack_sydow.xml",2
"ead > eadheader > filedesc > titlestmt > titleproper","nyhs/pr290_claire_yaffa_aids.xml",2
"ead > eadheader > filedesc > titlestmt > titleproper","nyhs/pr291_june_rovenger.xml",2
"ead > eadheader > filedesc > titlestmt > titleproper","nyhs/pr292_howe_family.xml",2
"ead > eadheader > filedesc > titlestmt > titleproper","nyhs/pr293_film_location_scouts.xml",2
"ead > eadheader > filedesc > titlestmt > titleproper","nyhs/pr295_rebecca_lepkoff.xml",2
"ead > eadheader > filedesc > titlestmt > titleproper","nyhs/pr296_rhodes_villard_houses.xml",1
"ead > eadheader > filedesc > titlestmt > titleproper","nyhs/pr297_jane_bannerman_travel.xml",2
"ead > eadheader > filedesc > titlestmt > titleproper","nyhs/pr298_kenneth_siegel.xml",2
"ead > eadheader > filedesc > titlestmt > titleproper","nyhs/pr299_claire_yaffa_foundling_hospital.xml",2
"ead > eadheader > filedesc > titlestmt > titleproper","nyhs/pr300_ann_feinstein.xml",2
"ead > eadheader > filedesc > titlestmt > titleproper","nyhs/pr301_decorative_envelopes.xml",2
"ead > eadheader > filedesc > titlestmt > titleproper","nyhs/pr302_public_works_construction.xml",2
"ead > eadheader > filedesc > titlestmt > titleproper","nyhs/pr303_myron_golden.xml",2
"ead > eadheader > filedesc > titlestmt > titleproper","nyhs/pr304_brandt_twa.xml",2
"ead > eadheader > filedesc > titlestmt > titleproper","nyhs/pr305_goldman_sonnenfeldt_photos.xml",2
"ead > eadheader > filedesc > titlestmt > titleproper","nyhs/pr306_larry_silver.xml",2
"ead > eadheader > filedesc > titlestmt > titleproper","nyhs/pr307_bill_cunningham_facades.xml",2
"ead > eadheader > filedesc > titlestmt > titleproper","nyhs/pr308_harvey_rosen_el_borracho.xml",2
"ead > eadheader > filedesc > titlestmt > titleproper","nyhs/pr309_richard_gilbert_advertising.xml",2
"ead > eadheader > filedesc > titlestmt > titleproper","nyhs/pr310_landmarks_new_york_exhibition.xml",2
"ead > eadheader > filedesc > titlestmt > titleproper","nyhs/pr311_raymond_germann.xml",2
"ead > eadheader > filedesc > titlestmt > titleproper","nyhs/pr312_jane_hoffer.xml",2
"ead > eadheader > filedesc > titlestmt > titleproper","nyhs/pr313_sean_delonas_cartoons.xml",2
"ead > eadheader > filedesc > titlestmt > titleproper","nyhs/pr314_stephen_somerstein.xml",2
"ead > eadheader > filedesc > titlestmt > titleproper","nyhs/pr315_clarence_jack_konheim.xml",2
"ead > eadheader > filedesc > titlestmt > titleproper","nyhs/pr316_jack_margolin.xml",2
"ead > eadheader > filedesc > titlestmt > titleproper","nyhs/pr317_james_grabow.xml",2
"ead > eadheader > filedesc > titlestmt > titleproper","nyhs/pr318_james_watson_webbjr.xml",2
"ead > eadheader > filedesc > titlestmt > titleproper","nyhs/pr319_picasso_pochoirs.xml",2
"ead > eadheader > filedesc > titlestmt > titleproper","nyhs/pr320_julian_hyman.xml",2
"ead > eadheader > filedesc > titlestmt > titleproper","nyhs/pr321_william_grabowski.xml",2
"ead > eadheader > filedesc > titlestmt > titleproper","nyhs/pr322_editta_sherman.xml",2
"ead > eadheader > filedesc > titlestmt > titleproper","nyhs/pr323_bettina_cirone.xml",2
"ead > eadheader > filedesc > titlestmt > titleproper","nyhs/pr324_andrew_alpern.xml",2
"ead > eadheader > filedesc > titlestmt > titleproper","nyhs/pr325_kalinsky.xml",2
"ead > eadheader > filedesc > titlestmt > titleproper","nyhs/pr326_fort_totten.xml",2
"ead > eadheader > filedesc > titlestmt > titleproper","nyhs/pr327_richard_pieronek_slides.xml",2
"ead > eadheader > filedesc > titlestmt > titleproper","nyhs/pr328_cortelyou_bergen_houses.xml",2
"ead > eadheader > filedesc > titlestmt > titleproper","nyhs/pr329_tinnelly_cunningham_suzette.xml",2
"ead > eadheader > filedesc > titlestmt > titleproper","nyhs/pr330_equitable_building_fire.xml",2
"ead > eadheader > filedesc > titlestmt > titleproper","nyhs/pr331_pamela_schafler_collection.xml",2
"ead > eadheader > filedesc > titlestmt > titleproper","nyhs/pr332_holland_tunnel_construction.xml",2
"ead > eadheader > filedesc > titlestmt > titleproper","nyhs/pr333_gordon_burris.xml",2
"ead > eadheader > filedesc > titlestmt > titleproper","nyhs/pr334_kressler_sweet_posters.xml",2
"ead > eadheader > filedesc > titlestmt > titleproper","nyhs/pr335_madelyn_biggs.xml",2
"ead > eadheader > filedesc > titlestmt > titleproper","nyhs/pr336_foundation_company_construction.xml",2
"ead > eadheader > filedesc > titlestmt > titleproper","nyhs/pr337_dale_jenkins_postcards.xml",2
"ead > eadheader > filedesc > titlestmt > titleproper","nyhs/pr338_george_joan_violin.xml",2
"ead > eadheader > filedesc > titlestmt > titleproper","nyhs/pr339_troy_tull_slides.xml",2
"ead > eadheader > filedesc > titlestmt > titleproper","nyhs/pr340_bob_adelman.xml",2
"ead > eadheader > filedesc > titlestmt > titleproper","nyhs/pr341_reginald_marsh_thirty.xml",2
"ead > eadheader > filedesc > titlestmt > titleproper","nyhs/pr342_maggie_hopp.xml",2
"ead > eadheader > filedesc > titlestmt > titleproper","nyhs/pr343_petras_lenox_nursing.xml",2
"ead > eadheader > filedesc > titlestmt > titleproper","nyhs/pr344_janelle_lynch.xml",2
"ead > eadheader > filedesc > titlestmt > titleproper","nyhs/pr345_wpa_art_project.xml",2
"ead > eadheader > filedesc > titlestmt > titleproper","nyhs/pr346_flanagan.xml",2
"ead > eadheader > filedesc > titlestmt > titleproper","nyhs/pr347_seley.xml",2
"ead > eadheader > filedesc > titlestmt > titleproper","nyhs/pr348_haynes.xml",2
"ead > eadheader > filedesc > titlestmt > titleproper","nyhs/pr349_sorotick.xml",2
"ead > eadheader > filedesc > titlestmt > titleproper","nyhs/pr350_friedberg_collection.xml",2
"ead > eadheader > filedesc > titlestmt > titleproper","nyhs/pr351_david_levinthal.xml",2
"ead > eadheader > filedesc > titlestmt > titleproper","nyhs/pr352_symmes_art_ephemera.xml",2
"ead > eadheader > filedesc > titlestmt > titleproper","nyhs/pr353_bachmann.xml",2
"ead > eadheader > filedesc > titlestmt > titleproper","nyhs/pr354_sugar_packets.xml",2
"ead > eadheader > filedesc > titlestmt > titleproper","nyhs/pr355_brooklyn_eagle_postcards.xml",2
"ead > eadheader > filedesc > titlestmt > titleproper","nyhs/pr356_boone.xml",2
"ead > eadheader > filedesc > titlestmt > titleproper","nyhs/pr357_elizabeth_colley.xml",2
"ead > eadheader > filedesc > titlestmt > titleproper","nyhs/pr358_illo.xml",2
"ead > eadheader > filedesc > titlestmt > titleproper","nyhs/pr359_bob_edelson.xml",2
"ead > eadheader > filedesc > titlestmt > titleproper","nyhs/pr360_acker_certificates.xml",2
"ead > eadheader > filedesc > titlestmt > titleproper","nyhs/pr361_jessica_burstein.xml",2
"ead > eadheader > filedesc > titlestmt > titleproper","nyhs/pr362_stephen_harmon.xml",2
"ead > eadheader > filedesc > titlestmt > titleproper","nyhs/pr363_robert_dana_scott.xml",2
"ead > eadheader > filedesc > titlestmt > titleproper","nyhs/pr364_seely.xml",2
"ead > eadheader > filedesc > titlestmt > titleproper","nyhs/pr365_annie_leibovitz.xml",2
"ead > eadheader > filedesc > titlestmt > titleproper","nyhs/pr366_lay.xml",2
"ead > eadheader > filedesc > titlestmt > titleproper","nyhs/pr367_morgan.xml",3
"ead > eadheader > filedesc > titlestmt > titleproper","nyhs/pr368_park_west_camera.xml",2
"ead > eadheader > filedesc > titlestmt > titleproper","nyhs/pr369_rose_oneill.xml",2
"ead > eadheader > filedesc > titlestmt > titleproper","nyhs/pr370_gramercy_neighborhood_associates.xml",3
"ead > eadheader > filedesc > titlestmt > titleproper","nyhs/pr371_saram_posters.xml",2
"ead > eadheader > filedesc > titlestmt > titleproper","nyhs/pr372_holman_flatiron.xml",3
"ead > eadheader > filedesc > titlestmt > titleproper","nyhs/pr373_ken_ratner.xml",2
"ead > eadheader > filedesc > titlestmt > titleproper","nyhs/pr374_racquet.xml",3
"ead > eadheader > filedesc > titlestmt > titleproper","nyhs/pr375_chapman_old_west.xml",4
"ead > eadheader > filedesc > titlestmt > titleproper","nyhs/pr377_meisel.xml",2
"ead > eadheader > filedesc > titlestmt > titleproper","nyhs/pr378_farbenblum.xml",2
"ead > eadheader > filedesc > titlestmt > titleproper","nyhs/pr379_littman.xml",2
"ead > eadheader > filedesc > titlestmt > titleproper","nyhs/pr380_james_garfinkel.xml",2
"ead > eadheader > filedesc > titlestmt > titleproper","nyhs/pr381_schepisi_garfinkel.xml",2
"ead > eadheader > filedesc > titlestmt > titleproper","nyhs/pr382_garfinkel.xml",2
"ead > eadheader > filedesc > titlestmt > titleproper","nyhs/pr383_david_backman.xml",2
"ead > eadheader > filedesc > titlestmt > titleproper","nyhs/pr384_bousbib.xml",2
"ead > eadheader > filedesc > titlestmt > titleproper","nyhs/pr385_klein.xml",2
"ead > eadheader > filedesc > titlestmt > titleproper","nyhs/pr386_teitelman.xml",2
"ead > eadheader > filedesc > titlestmt > titleproper","nyhs/pr387_sirkis.xml",2
"ead > eadheader > filedesc > titlestmt > titleproper","nyhs/pr388_unschuld_print_club.xml",2
"ead > eadheader > filedesc > titlestmt > titleproper","nyhs/pr389_chelsea_love.xml",2
"ead > eadheader > filedesc > titlestmt > titleproper","nyhs/pr390_gerald_geerlings.xml",2
"ead > eadheader > filedesc > titlestmt > titleproper","nyhs/pr391_education.xml",2
"ead > eadheader > filedesc > titlestmt > titleproper","nyhs/pr392_karp.xml",2
"ead > eadheader > filedesc > titlestmt > titleproper","nyhs/pr393_cumming_cecil.xml",3
"ead > eadheader > filedesc > titlestmt > titleproper","nyhs/pr394_meyers_civics.xml",2
"ead > eadheader > filedesc > titlestmt > titleproper","nyhs/pr395_rose_penn.xml",2
"ead > eadheader > filedesc > titlestmt > titleproper","nyhs/pr396_shari_goldberg.xml",2
"ead > eadheader > filedesc > titlestmt > titleproper","nyhs/pr397_forte.xml",2
"ead > eadheader > filedesc > titlestmt > titleproper","nyhs/pr398_gardner.xml",2
"ead > eadheader > filedesc > titlestmt > titleproper","nyhs/pr399_stein.xml",2
"ead > eadheader > filedesc > titlestmt > titleproper","nyhs/pr400_wotherspoon.xml",3
"ead > eadheader > filedesc > titlestmt > titleproper","nyhs/pr401_fried.xml",2
"ead > eadheader > filedesc > titlestmt > titleproper","nyhs/pr402_holzer_lincolniana.xml",2
"ead > eadheader > filedesc > titlestmt > titleproper","nyhs/pr403_manning.xml",2
"ead > eadheader > filedesc > titlestmt > titleproper","nyhs/pr404_olinkiewicz_photos_ephemera.xml",2
"ead > eadheader > filedesc > titlestmt > titleproper","nyhs/pr405_devito_solimene.xml",2
"ead > eadheader > filedesc > titlestmt > titleproper","nyhs/pr406_levi_jeans_stern.xml",2
"ead > eadheader > filedesc > titlestmt > titleproper","nyhs/pr407_evans_nycslides.xml",2
"ead > eadheader > filedesc > titlestmt > titleproper","nyhs/pr408_thornton_postcards.xml",3
"ead > eadheader > filedesc > titlestmt > titleproper","nyhs/pr409_marco_luccio.xml",2
"ead > eadheader > filedesc > titlestmt > titleproper","nyhs/pr410_charlotte_brooks.xml",2
"ead > eadheader > filedesc > titlestmt > titleproper","nyhs/pr411_ron_galella.xml",2
"ead > eadheader > filedesc > titlestmt > titleproper","nyhs/pr413_kabakow.xml",2
"ead > eadheader > filedesc > titlestmt > titleproper","nyhs/pr414_anderson_wall_street.xml",3
"ead > eadheader > filedesc > titlestmt > titleproper","nyhs/pr415_adler_neilson.xml",2
"ead > eadheader > filedesc > titlestmt > titleproper","nyhs/pr416_fons_iannelli.xml",2
"ead > eadheader > filedesc > titlestmt > titleproper","nyhs/pr417_dewitt_wheeler.xml",2
"ead > eadheader > filedesc > titlestmt > titleproper","nyhs/pr418_gutzeit_qslcards.xml",2
"ead > eadheader > filedesc > titlestmt > titleproper","nyhs/pr420_ralph_weiss.xml",2
"ead > eadheader > filedesc > titlestmt > titleproper","nyhs/pr421_piera_drawings.xml",2
"ead > eadheader > filedesc > titlestmt > titleproper","nyhs/pr422_arad_911_memorial.xml",2
"ead > eadheader > filedesc > titlestmt > titleproper","nyhs/pr423_samuel_gottscho.xml",2
"ead > eadheader > filedesc > titlestmt > titleproper","nyhs/pr424_bob_gore.xml",2
"ead > eadheader > filedesc > titlestmt > titleproper","nyhs/pr425_william_butler.xml",2
"ead > eadheader > filedesc > titlestmt > titleproper","nyhs/pr426_teun_voeten.xml",2
"ead > eadheader > filedesc > titlestmt > titleproper","nyhs/pr427_joseph_squillante.xml",2
"ead > eadheader > filedesc > titlestmt > titleproper","nyhs/pr428_maurice_brill.xml",2
"ead > eadheader > filedesc > titlestmt > titleproper","nyhs/pr429_frank_battaglia.xml",2
"ead > eadheader > filedesc > titlestmt > titleproper","nyhs/pr430_dede_emerson.xml",2
"ead > eadheader > filedesc > titlestmt > titleproper","nyhs/pr432_matchbook_covers.xml",2
"ead > eadheader > filedesc > titlestmt > titleproper","nyhs/pr433_tiffany_stationery.xml",2
"ead > eadheader > filedesc > titlestmt > titleproper","nyhs/pr434_alan_behr.xml",2
"ead > eadheader > filedesc > titlestmt > titleproper","nyhs/pr435_elizabeth_kahane.xml",2
"ead > eadheader > filedesc > titlestmt > titleproper","nyhs/pr436_dommerich_house.xml",2
"ead > eadheader > filedesc > titlestmt > titleproper","nyhs/pr437_marie_trommer.xml",2
"ead > eadheader > filedesc > titlestmt > titleproper","nyhs/pr438_hansen_fans.xml",2
"ead > eadheader > filedesc > titlestmt > titleproper","nyhs/pr439_sapolsky_slobodien.xml",2
"ead > eadheader > filedesc > titlestmt > titleproper","nyhs/pr440_edward_steichen_photomurals.xml",2
"ead > eadheader > filedesc > titlestmt > titleproper","nyhs/pr441_kill_van_kull_bridge.xml",2
"ead > eadheader > filedesc > titlestmt > titleproper","nyhs/pr442_dancers_pueblos.xml",2
"ead > eadheader > filedesc > titlestmt > titleproper","nyhs/pr443_bayonne_bridge_documentation.xml",2
"ead > eadheader > filedesc > titlestmt > titleproper","nyhs/pr444_leon_louis_dolce.xml",2
"ead > eadheader > filedesc > titlestmt > titleproper","nyhs/pr446_king_features_cartoons.xml",2
"ead > eadheader > filedesc > titlestmt > titleproper","nyhs/pr447_lily_duchess_marlborough.xml",2
"ead > eadheader > filedesc > titlestmt > titleproper","nyhs/pr448_alfred_rilton.xml",2
"ead > eadheader > filedesc > titlestmt > titleproper","nyhs/pr449_habs_reports.xml",2
"ead > eadheader > filedesc > titlestmt > titleproper","nyhs/pr450_ps7_continuation_school.xml",2
"ead > eadheader > filedesc > titlestmt > titleproper","nyhs/pr452_randall_comfort.xml",3
"ead > eadheader > filedesc > titlestmt > titleproper","nyhs/pr456_cohen_peter.xml",2
"ead > eadheader > filedesc > titlestmt > titleproper","nyhs/pr457_roth_slides.xml",2
"ead > eadheader > filedesc > titlestmt > titleproper","nyhs/pr461_gwb_triborough.xml",2
"ead > eadheader > filedesc > titlestmt > titleproper","nyhs/pr462_addiss_rorke.xml",4
"ead > eadheader > filedesc > titlestmt > titleproper","nyhs/pr464_rathemacher.xml",2
"ead > eadheader > filedesc > titlestmt > titleproper","nyhs/pr465_sonnenberg.xml",2
"ead > eadheader > filedesc > titlestmt > titleproper","nyhs/pr467_high_bridge.xml",2
"ead > eadheader > filedesc > titlestmt > titleproper","nyhs/pr468_willis_bott.xml",2
"ead > eadheader > filedesc > titlestmt > titleproper","nyhs/pr469_barclay_mansion.xml",2
"ead > eadheader > filedesc > titlestmt > titleproper","nyhs/pr471_delamar_mansion.xml",2
"ead > eadheader > filedesc > titlestmt > titleproper","nyhs/pr_36_herman_liberman.xml",2
"ead > eadheader > filedesc > titlestmt > titleproper","nyhs/timeinc_ms3009_rg00.xml",2
"ead > eadheader > filedesc > titlestmt > titleproper","nyhs/timeinc_ms3009_rg01.xml",2
"ead > eadheader > filedesc > titlestmt > titleproper","nyhs/timeinc_ms3009_rg02.xml",2
"ead > eadheader > filedesc > titlestmt > titleproper","nyhs/timeinc_ms3009_rg03.xml",2
"ead > eadheader > filedesc > titlestmt > titleproper","nyhs/timeinc_ms3009_rg04.xml",2
"ead > eadheader > filedesc > titlestmt > titleproper","nyhs/timeinc_ms3009_rg05.xml",2
"ead > eadheader > filedesc > titlestmt > titleproper","nyhs/timeinc_ms3009_rg06.xml",2
"ead > eadheader > filedesc > titlestmt > titleproper","nyhs/timeinc_ms3009_rg07.xml",2
"ead > eadheader > filedesc > titlestmt > titleproper","nyhs/timeinc_ms3009_rg08.xml",2
"ead > eadheader > filedesc > titlestmt > titleproper","nyhs/timeinc_ms3009_rg09.xml",2
"ead > eadheader > filedesc > titlestmt > titleproper","nyhs/timeinc_ms3009_rg10.xml",2
"ead > eadheader > filedesc > titlestmt > titleproper","nyhs/timeinc_ms3009_rg11.xml",2
"ead > eadheader > filedesc > titlestmt > titleproper","nyhs/timeinc_ms3009_rg12.xml",3
"ead > eadheader > filedesc > titlestmt > titleproper","nyhs/timeinc_ms3009_rg13.xml",2
"ead > eadheader > filedesc > titlestmt > titleproper","nyhs/timeinc_ms3009_rg13_series3.xml",1
"ead > eadheader > filedesc > titlestmt > titleproper","nyhs/timeinc_ms3009_rg14.xml",2
"ead > eadheader > filedesc > titlestmt > titleproper","nyhs/timeinc_ms3009_rg15.xml",2
"ead > eadheader > filedesc > titlestmt > titleproper","nyhs/timeinc_ms3009_rg16.xml",2
"ead > eadheader > filedesc > titlestmt > titleproper","nyhs/timeinc_ms3009_rg17.xml",2
"ead > eadheader > filedesc > titlestmt > titleproper","nyhs/timeinc_ms3009_rg18.xml",2
"ead > eadheader > filedesc > titlestmt > titleproper","nyhs/timeinc_ms3009_rg19.xml",2
"ead > eadheader > filedesc > titlestmt > titleproper","nyhs/timeinc_ms3009_rg20.xml",2
"ead > eadheader > filedesc > titlestmt > titleproper","nyhs/timeinc_ms3009_rg21.xml",2
"ead > eadheader > filedesc > titlestmt > titleproper","nyhs/timeinc_ms3009_rg22.xml",2
"ead > eadheader > filedesc > titlestmt > titleproper","nyhs/timeinc_ms3009_rg23.xml",2
"ead > eadheader > filedesc > titlestmt > titleproper","nyhs/timeinc_ms3009_rg24.xml",2
"ead > eadheader > filedesc > titlestmt > titleproper","nyhs/timeinc_ms3009_rg25.xml",2
"ead > eadheader > filedesc > titlestmt > titleproper","nyhs/timeinc_ms3009_rg26.xml",2
"ead > eadheader > filedesc > titlestmt > titleproper","nyhs/timeinc_ms3009_rg27.xml",2
"ead > eadheader > filedesc > titlestmt > titleproper","nyhs/timeinc_ms3009_rg28.xml",2
"ead > eadheader > filedesc > titlestmt > titleproper","nyhs/timeinc_ms3009_rg29.xml",2
"ead > eadheader > filedesc > titlestmt > titleproper","nyhs/timeinc_ms3009_rg31.xml",2
"ead > eadheader > filedesc > titlestmt > titleproper","nyhs/timeinc_ms3009_rg32.xml",2
"ead > eadheader > filedesc > titlestmt > titleproper","nyhs/timeinc_ms3009_rg33.xml",2
"ead > eadheader > filedesc > titlestmt > titleproper","nyhs/timeinc_ms3009_rg34.xml",2
"ead > eadheader > filedesc > titlestmt > titleproper","nyhs/timeinc_ms3009_rg35.xml",2
"ead > eadheader > filedesc > titlestmt > titleproper","nyhs/timeinc_ms3009_rg36.xml",2
"ead > eadheader > filedesc > titlestmt > titleproper","nyhs/timeinc_ms3009_rg37.xml",2
"ead > eadheader > filedesc > titlestmt > titleproper","nyhs/timeinc_ms3009_rg38.xml",2
"ead > eadheader > filedesc > titlestmt > titleproper","nyhs/timeinc_ms3009_rg39.xml",2
"ead > eadheader > filedesc > titlestmt > titleproper","nyhs/timeinc_ms3009_rg40.xml",2
"ead > eadheader > filedesc > titlestmt > titleproper","nyhs/timeinc_ms3009_rg41.xml",2
"ead > eadheader > filedesc > titlestmt > titleproper","nyhs/timeinc_ms3009_rg42.xml",2
"ead > eadheader > filedesc > titlestmt > titleproper","nyhs/timeinc_ms3009_rg43.xml",2
"ead > eadheader > filedesc > titlestmt > titleproper","nyhs/timeinc_ms3009_rg44.xml",2
"ead > eadheader > filedesc > titlestmt > titleproper","nyhs/timeinc_ms3009_rg45.xml",2
"ead > eadheader > filedesc > titlestmt > titleproper","nyhs/timeinc_ms3009_rg46.xml",2
"ead > eadheader > filedesc > titlestmt > titleproper","nyhs/timeinc_ms3009_rg47.xml",2
"ead > eadheader > filedesc > titlestmt > titleproper","nyhs/timeinc_ms3009_rg49.xml",2
"ead > eadheader > filedesc > titlestmt > titleproper","nyhs/timeinc_ms3009_rg50.xml",2
"ead > eadheader > filedesc > titlestmt > titleproper","nyhs/timeinc_ms3009_rg51.xml",2
"ead > eadheader > filedesc > titlestmt > titleproper","nyhs/timeinc_ms3009_rg52.xml",2
"ead > eadheader > filedesc > titlestmt > titleproper","nyhs/timeinc_ms3009_rg53.xml",2
"ead > eadheader > filedesc > titlestmt > titleproper","nyhs/timeinc_ms3009_rg54.xml",2
"ead > eadheader > filedesc > titlestmt > titleproper","nyhs/timeinc_ms3009_rg55.xml",2
"ead > eadheader > filedesc > titlestmt > titleproper","nyhs/timeinc_ms3009_rg56.xml",2
"ead > eadheader > filedesc > titlestmt > titleproper","nyhs/timeinc_ms3009_rg58.xml",2
"ead > eadheader > filedesc > titlestmt > titleproper","nyhs/timeinc_ms3009_rg59.xml",2
"ead > eadheader > filedesc > titlestmt > titleproper","nyhs/timeinc_ms3009_rg60.xml",2
"ead > eadheader > filedesc > titlestmt > titleproper","nyhs/timeinc_ms3009_rg61.xml",2
"ead > eadheader > filedesc > titlestmt > titleproper > date","nyhs/pr103_alexander_morgan_hamilton_family.xml",1
"ead > eadheader > filedesc > titlestmt > titleproper > date","nyhs/pr121_mabel_lathrop_harper.xml",1
"ead > eadheader > filedesc > titlestmt > titleproper > date","nyhs/pr127_arthur_weindorf_subway.xml",1
"ead > eadheader > filedesc > titlestmt > titleproper > date","nyhs/pr154_reeves_elevated_railroads.xml",1
"ead > eadheader > profiledesc > langusage","nyhs/ms1335_friends_city_hall_park.xml",1
"ead > eadheader > profiledesc > langusage","nyhs/ms1422_helen_miller_gould_shepard.xml",1
"ead > eadheader > profiledesc > langusage","nyhs/ms1470_ny_marble_cemetery.xml",1
"ead > eadheader > profiledesc > langusage","nyhs/ms23_artists_fund_society.xml",1
"ead > eadheader > profiledesc > langusage","nyhs/ms2906_bannerman_family.xml",1
"ead > eadheader > profiledesc > langusage","nyhs/ms344_john_tabor_kempe.xml",1
"ead > eadheader > profiledesc > langusage","nyhs/ms350_king_family_papers.xml",1
"ead > eadheader > profiledesc > langusage","nyhs/ms443_13_new_york_crystal_palace.xml",1
"ead > eadheader > profiledesc > langusage","nyhs/ms443_20_nursery_childs_hospital.xml",1
"ead > eadheader > profiledesc > langusage","nyhs/ms444_nyc100_records.xml",1
"ead > eadheader > profiledesc > langusage","nyhs/ms490_john_pintard.xml",1
"ead > eadheader > profiledesc > langusage","nyhs/ms513_ray_family.xml",1
"ead > eadheader > profiledesc > langusage","nyhs/ms532_rutherfurd_family.xml",1
"ead > eadheader > profiledesc > langusage","nyhs/ms569_slavery_collection.xml",1
"ead > eadheader > profiledesc > langusage","nyhs/ms592_ebenezer_stevens.xml",1
"ead > eadheader > profiledesc > langusage","nyhs/ms59_bible_fruit_mission.xml",1
"ead > eadheader > profiledesc > langusage","nyhs/ms602_strong_family_papers.xml",1
"ead > eadheader > profiledesc > langusage","nyhs/ms615_john_taylor.xml",1
"ead > eadheader > profiledesc > langusage","nyhs/ms670_25_caspar_trepp.xml",1
"ead > eadheader > profiledesc > langusage","nyhs/ms69_william_oland_bourne.xml",1
"ead > eadheader > profiledesc > langusage","nyhs/ms78_brown_brothers_harriman.xml",1
"ead > eadheader > profiledesc > langusage","nyhs/pr281_jacquelyn_ottman_lithographing.xml",1
